H2943#0	1) (Qal) cargar
H2944#0	1) (Pual) traspasar
H2945#0	1) niños, niños pequeños, pequeños
H2946#0	1) extender, desplegar, andar con pasos menudos, dar pasitos rápidos
H2946#1	1a) (Piel)
H2946#2	1a1) extender
H2946#3	1a2) llevar en las palmas, mecer
H2946#4	1a3) criar hijos
H2947#0	1) palmo, ancho de la mano, palmo menor
H2947#1	1a) una unidad de medida, medida de longitud
H2947#2	2) cornisa (término arquitectónico)
H2948#0	1) palmo, ancho de la mano
H2949#0	1) cuidado tierno, mecer en brazos
H2950#0	1) (Qal) untar, enlucir, pegar, adherir
H2951#0	1) escriba, oficial, mariscal
H2952#0	1) (Qal) brincar, andar con pasos menudos, dar pasitos rápidos
H2953#0	1) uña, uña de la mano, garra
H2954#0	1) (Qal) ser grosero, ser insensible, estar gordo
H2955#0	Tafat = «adorno»
H2955#1	1) la hija de Salomón que se casó con Ben-abinadab
H2956#0	1) perseguir, dar caza, ser continuo
H2956#1	1a) (Qal) que gotea (participio)
H2957#0	1) (P'al) echar, expulsar de, ahuyentar
H2958#0	1) antes, todavía no, antes de que, antes (de tiempo)
H2959#0	1) (Hiphil) cargar, fatigar, estar cargado
H2960#0	1) carga
H2961#0	1) fresco, nuevo
H2962#0	1) antes, todavía no, antes de que
H2963#0	1) desgarrar, despedazar, arrancar
H2963#1	1a) (Qal) desgarrar, despedazar
H2963#2	1b) (Niphal) ser despedazado
H2963#3	1c) (Poal) ser despedazado
H2963#4	1d) (Hiphil) proveer alimento
H2964#0	1) presa, alimento, hoja
H2964#1	1a) presa
H2964#2	1b) alimento
H2964#3	1c) hoja
H2965#0	1) recién arrancado, recién cortado, recién arrancada
H2966#0	1) lo que es despedazado, animal despedazado (por fieras)
H2967#0	Tarpelitas = «los del monte caído (o maravilloso)»
H2967#1	1) el grupo de colonos asirios que fueron establecidos en las ciudades de Samaria después del cautiverio del reino del norte de Israel; identidad incierta
H2968#0	1) (Qal) anhelar, ansiar, desear
H2969#0	1) (Qal) corresponder a, convenir, ser conveniente
H2970#0	Jaazanías = «Jehová oye»
H2970#1	1) un judaíta, hijo del maacateo, capitán de las fuerzas de Judá que visitó a Gedalías en Mizpa después de que Gedalías fue nombrado gobernador de Judá por Nabucodonosor
H2970#2	2) hijo de Safán, un anciano de Israel en los días de Ezequiel
H2970#3	3) hijo de Azur, uno de los príncipes del pueblo contra los cuales se ordenó a Ezequiel profetizar
H2970#4	4) un recabita, hijo de Jeremías el profeta
H2971#0	Jair = «él ilumina»
H2971#1	1) un descendiente de Manasés que conquistó muchas ciudades durante el tiempo de la conquista
H2971#2	2) el galaadita, juez de Israel durante 22 años en el tiempo de los jueces; padre de 30 hijos
H2971#3	3) un benjamita, hijo de Cis, y padre de Mardoqueo
H2971#4	4) padre de Elhanán, uno de los valientes de David
H2972#0	Jaireo = «descendiente de Jair»
H2972#1	1) un descendiente de Jair
H2972#2	1a) Ira el jaireo fue sacerdote de David
H2973#0	1) ser necio, hacerse necios, actuar neciamente, mostrar perversa insensatez
H2973#1	1a) (Niphal)
H2973#2	1a1) mostrar perversa insensatez
H2973#3	1a2) hacerse necios
H2974#0	1) comenzar, dar comienzo, mostrar disposición, emprender, complacerse, estar resuelto
H2974#1	1a) (Hiphil)
H2974#2	1a1) consentir en, mostrar disposición, asentir, aceptar una invitación, estar dispuesto
H2974#3	1a2) emprender
H2974#4	1a3) resolver, complacerse, estar resuelto
H2975#0	1) río, arroyo, canal, Nilo, canal del Nilo
H2975#1	1a) arroyo, río (Nilo)
H2975#2	1b) brazos del Nilo, canales del Nilo
H2975#3	1c) cursos de agua
H2975#4	1d) galerías (minería)
H2975#5	1e) río (en general)
H2976#0	1) desesperar
H2976#1	1a) (Niphal) ser desesperado, estar desesperado
H2976#2	1b) (Piel) hacer desesperar
H2976#3	interjección
H2976#4	2) ¡no hay esperanza!
H2977#0	Josías = «a quien Jehová sana»
H2977#1	1) hijo de Amón y de Jedida, que sucedió a su padre en el trono de Judá y reinó 31 años; su reinado es notable por los grandes avivamientos de regreso a la adoración de Jehová que encabezó
H2977#2	2) un exiliado que regresó, hijo de Sofonías, en cuya casa tuvo lugar la solemne y simbólica coronación de Josué el sumo sacerdote en tiempos del profeta Zacarías
H2978#0	1) entrada
H2979#0	Jeatrai = «a quien Jehová guía»
H2979#1	1) un levita gersonita, hijo de Zera
H2980#0	1) (Piel) clamar, gritar agudamente
H2981#0	1) producto, fruto, producto (del suelo)
H2982#0	Jebús = «lugar de trilla»
H2982#1	1) un nombre antiguo de Jerusalén, la ciudad de los jebuseos; también 'Jebusi'
H2983#0	Jebuseo = «descendientes de Jebús»
H2983#1	1) descendientes del tercer hijo de Canaán, que vivían en o alrededor del sitio de Jebús, el nombre antiguo de Jerusalén
H2984#0	Ibhar = «Jehová escoge»
H2984#1	1) uno de los hijos de David, nacido en Jerusalén
H2985#0	Jabín = «a quien Dios observa»
H2985#1	1) un rey de Hazor que organizó una confederación de los príncipes del norte contra Josué; la confederación fue derrotada junto a las aguas de Merom
H2985#2	2) otro rey de Hazor cuyo general, Sísara, fue derrotado por Barac
H2986#0	1) traer, guiar, llevar, conducir, transportar
H2986#1	1a) (Hiphil)
H2986#2	1a1) transportar, traer
H2986#3	1a2) llevarse, conducir fuera
H2986#4	1a3) guiar, conducir
H2986#5	1b) (Hophal)
H2986#6	1b1) ser transportado
H2986#7	1b2) ser llevado (a la tumba)
H2986#8	1b3) ser traído, ser guiado, ser conducido
H2987#0	1) (Aphel) traer, llevar, transportar
H2988#0	1) un arroyo, curso de agua
H2988#1	1a) como lo que riega
H2989#0	Jabal = «corriente de agua»
H2989#1	1) hijo de Lamec y de Ada, y hermano de Jubal; descrito como padre de los que habitan en tiendas y crían ganado
H2990#0	1) llaga supurante, supuración, que supura, úlcera
H2991#0	Ibleam = «que devora al pueblo»
H2991#1	1) una ciudad de Manasés aparentemente ubicada en el territorio de Isacar o de Aser
H2992#0	1) (Piel) contraer matrimonio levirático, cumplir el deber de cuñado
H2992#1	1a) el deber que se debía a un hermano que murió sin hijos: casarse con su viuda y tener un hijo para su nombre
H2993#0	1) cuñado, hermano del marido
H2994#0	1) cuñada, mujer del hermano, viuda del hermano
H2995#0	Jabneel = «Dios hace edificar»
H2995#1	1) una ciudad de Judá en el límite norte, cerca del mar
H2995#2	2) una ciudad de Neftalí en el límite de la alta Galilea
H2996#0	Jabnia = «edificio de Dios»
H2996#1	1) una ciudad filistea
H2997#0	Ibneías = «Jehová edifica»
H2997#1	1) un benjamita, hijo de Joram
H2998#0	Ibnías = «a quien Jehová edificará»
H2998#1	1) un benjamita
H2999#0	Jaboc = «que vacía»
H2999#1	1) un arroyo que atraviesa la cordillera de Galaad y desemboca en el Jordán por el este, aproximadamente a mitad de camino entre el mar de Galilea y el mar Muerto
H3000#0	Jeberequías = «Jehová bendice»
H3000#1	1) padre de un Zacarías, en el reinado de Acaz y en tiempos de Isaías
H3001#0	1) secar, marchitarse, estar seco, secarse, quedar seco, estar marchito
H3001#1	1a) (Qal)
H3001#2	1a1) estar seco, quedar seco, estar sin humedad
H3001#3	1a2) quedar seco
H3001#4	1b) (Piel) secar, desecar
H3001#5	1c) (Hiphil)
H3001#6	1c1) desecar, secar
H3001#7	1c1a) desecar (agua)
H3001#8	1c1b) secar, marchitar
H3001#9	1c1c) mostrar sequedad
H3002#0	1) seco
H3002#1	2) secado
H3003#0	Jabes = «seco»
H3003#1	nombre propio de lugar
H3003#2	1) una ciudad en el territorio de Galaad; según Eusebio, está al otro lado del Jordán, a 6 millas (10 km) de Pela, en el camino de montaña a Gerasa; sitio desconocido, pero puede ser el moderno 'Wadi Yabes'
H3003#3	nombre propio masculino
H3003#4	2) padre de Salum, el decimoquinto rey del reino del norte
H3004#0	1) tierra seca, suelo seco
H3005#0	Jibsam = «agradable»
H3005#1	1) uno de los hijos de Tola y nieto de Isacar
H3006#0	1) tierra seca
H3007#0	1) la tierra (como planeta)
H3007#1	2) tierra seca
H3008#0	Igal o Igeal = «Él redime»
H3008#1	1) hijo de José y espía de la tribu de Isacar
H3008#2	2) hijo de Natán de Soba, uno de los valientes de David
H3008#3	3) un hijo de Semaías y descendiente de Zorobabel
H3009#0	1) (Qal) labrar, ser labrador
H3010#0	1) campo, campo arado
H3011#0	Jogbeha = «elevado»
H3011#1	1) una de las ciudades al este del Jordán que fue edificada y fortificada por la tribu de Gad
H3012#0	Igdalías = «Jehová es grande»
H3012#1	1) un profeta o varón santo y padre de Hanán en tiempos de Josías
H3013#0	1) afligir, entristecer, sufrir, causar aflicción
H3013#1	1a) (Niphal) afligido, que se aflige (participio)
H3013#2	1b) (Piel) afligir
H3013#3	1c) (Hiphil) causar aflicción, causar tristeza
H3014#0	1) (Hiphil) rechazar, apartar, empujar
H3015#0	1) aflicción, tristeza, angustia
H3016#0	1) (Qal) temeroso, que teme
H3017#0	Jagur = «él peregrina»
H3017#1	1) una ciudad de Judá, una de las más al sur, en la frontera de Edom
H3018#0	1) trabajo, labor
H3018#1	2) producto, fruto, bienes adquiridos (como resultado del trabajo)
H3019#0	1) cansado, fatigado
H3020#0	Jogli = «él es desterrado»
H3020#1	1) un danita y padre de Buqui, que fue uno de los 12 jefes encargados de la conquista de Canaán
H3021#0	1) trabajar, afanarse, cansarse, estar cansado
H3021#1	1a) (Qal)
H3021#2	1a1) trabajar, afanarse
H3021#3	1a2) cansarse, estar cansado
H3021#4	1b) (Piel) cansar, fatigar, hacer ir con fatiga
H3021#5	1c) (Hiphil) hacer trabajar, fatigar, hacer que se canse
H3022#0	1) ganancias, provecho (producto del trabajo)
H3023#0	1) cansado, fatigoso
H3024#0	1) un desgaste, un cansancio
H3025#0	1) (Qal) temer, tener pavor, tener miedo
H3026#0	Jegar Sahaduta = «majano del testimonio»
H3026#1	1) el montón de piedras levantado como testimonio entre Jacob y Labán, llamado por Jacob en hebreo 'Galaad'
H3027#0	1) mano
H3027#1	1a) mano (del hombre)
H3027#2	1b) fuerza, poder (fig.)
H3027#3	1c) lado (de la tierra), parte, porción (metáf.) (fig.)
H3027#4	1d) (diversos sentidos especiales y técnicos)
H3027#5	1d1) señal, monumento
H3027#6	1d2) parte, fracción, porción
H3027#7	1d3) vez, repetición
H3027#8	1d4) ejes, eje
H3027#9	1d5) soportes, apoyo (de la fuente)
H3027#10	1d6) espigas (en el tabernáculo)
H3027#11	1d7) un falo, una mano (significado incierto)
H3027#12	1d8) muñecas
H3028#0	1) mano
H3028#1	2) poder (fig.)
H3029#0	1) (Aphel) alabar, dar gracias
H3030#0	Idala = «memorial de Dios»
H3030#1	1) una ciudad de Zabulón entre Simrón y Belén, sitio desconocido
H3031#0	Idbas = «robusto»
H3031#1	1) uno de los 3 hijos de Abi-etam, descendiente de Judá
H3032#0	verbo
H3032#1	1) (Qal) echar suertes
H3032#2	sustantivo
H3032#3	2) amor, amado, amigo
H3033#0	1) persona muy amada, amado, objeto de amor
H3034#0	1) arrojar, disparar, lanzar
H3034#1	1a) (Qal) disparar (flechas)
H3034#2	1b) (Piel) arrojar, derribar, echar abajo
H3034#3	1c) (Hiphil)
H3034#4	1c1) dar gracias, loar, alabar
H3034#5	1c2) confesar, confesar (el nombre de Dios)
H3034#6	1d) (Hithpael)
H3034#7	1d1) confesar (el pecado)
H3034#8	1d2) dar gracias
H3035#0	Iddo = «oportuno» o «encantador»
H3035#1	1) hijo de Zacarías, jefe de la tribu de Manasés al este del Jordán en tiempos de David
H3035#2	2) un hombre que tomó mujer extranjera en tiempos de Esdras
H3036#0	Jadón = «agradecido»
H3036#1	1) un meronotita y uno de los constructores de los muros de Jerusalén
H3037#0	Jadúa = «que conoce»
H3037#1	1) uno de los jefes del pueblo que sellaron el pacto con Nehemías
H3037#2	2) hijo y sucesor en el sumo sacerdocio de Jonatán, Jesúa o Johanán; el último de los sumos sacerdotes mencionados en el AT, que probablemente vivió en tiempos de Alejandro Magno
H3038#0	Jedutún = «que alaba»
H3038#1	1) un levita de la familia de Merari y jefe de uno de los 3 coros del templo, cuyos descendientes también formaron uno de los coros perpetuos del templo; se le nombra al comienzo de 3 Salmos (Ps 39:1; 62:1; 77:1), ya sea como compositor o como destinatario de esos Salmos, pero muy probablemente como director del coro que había de cantarlos
H3039#0	sustantivo masculino
H3039#1	1) un amado, amado
H3039#2	adjetivo
H3039#3	2) amable, encantador
H3040#0	Jedida = «amada»
H3040#1	1) la esposa del rey Amón y madre del rey Josías
H3041#0	Jedidías = «amado de Jehová»
H3041#1	1) el nombre dado a Salomón por medio del profeta Natán
H3042#0	Jedaías = «alabado de Jehová»
H3042#1	1) un simeonita, antepasado de Ziza
H3042#2	2) hijo de Harumaf y uno que participó en la reconstrucción de los muros de Jerusalén
H3043#0	Jediael = «Dios da a conocer»
H3043#1	1) un patriarca principal de la tribu de Benjamín; tal vez el mismo que 'Asbel'
H3043#2	2) el segundo hijo de Meselemías y portero coreíta
H3043#3	3) hijo de Simri y uno de los valientes de David
H3043#4	4) uno de los jefes de millares de Manasés que se unieron a David en su marcha a Siclag; tal vez el mismo hombre que el 3 anterior
H3044#0	Jidlaf = «llanto»
H3044#1	1) un hijo de Nacor
H3045#0	1) conocer, saber
H3045#1	1a) (Qal)
H3045#2	1a1) conocer
H3045#3	1a1a) conocer, llegar a conocer
H3045#4	1a1b) percibir
H3045#5	1a1c) percibir y ver, descubrir y discernir
H3045#6	1a1d) discriminar, distinguir
H3045#7	1a1e) conocer por experiencia
H3045#8	1a1f) reconocer, admitir, aceptar, confesar
H3045#9	1a1g) considerar
H3045#10	1a2) conocer, estar familiarizado con
H3045#11	1a3) conocer (a una persona carnalmente)
H3045#12	1a4) saber hacer, ser hábil en
H3045#13	1a5) tener conocimiento, ser sabio
H3045#14	1b) (Niphal)
H3045#15	1b1) ser dado a conocer, ser o llegar a ser conocido, ser revelado
H3045#16	1b2) darse a conocer
H3045#17	1b3) ser percibido
H3045#18	1b4) ser instruido
H3045#19	1c) (Piel) hacer saber
H3045#20	1d) (Poal) hacer saber
H3045#21	1e) (Pual)
H3045#22	1e1) ser conocido
H3045#23	1e2) conocido, uno conocido, conocido (amigo) (participio)
H3045#24	1f) (Hiphil) dar a conocer, declarar
H3045#25	1g) (Hophal) ser dado a conocer
H3045#26	1h) (Hithpael) darse a conocer, revelarse
H3046#0	1) conocer, saber
H3046#1	1a) (P'al) conocer, saber
H3046#2	1b) (Aphel) hacer saber a alguien, comunicar, informar, dar a conocer
H3047#0	Jada = «Él conoce»
H3047#1	1) un judaíta, hijo de Onam y hermano de Samai, en la genealogía de los hijos de Jerameel por su esposa Atara
H3048#0	Jedaías = «Jehová ha conocido»
H3048#1	1) un sacerdote en Jerusalén
H3048#2	2) un hombre que regresó con Zorobabel
H3048#3	3) un jefe de los sacerdotes en los días de Jesúa
H3048#4	4) un sacerdote postexílico
H3048#5	5) uno honrado por Jehová, quizás uno de los anteriores
H3049#0	1) un conocedor, uno que tiene espíritu de adivinación
H3049#1	1a) un espíritu de adivinación, adivino, nigromante (por metonimia)
H3050#0	1) Jah (Jehová en forma abreviada)
H3050#1	1a) el nombre propio del único Dios verdadero
H3050#2	1b) usado en muchos compuestos
H3050#3	1b1) nombres que comienzan con las letras 'Je'
H3050#4	1b2) nombres que terminan en 'iah' o 'jah'
H3051#0	1) dar, proveer, atribuir, venir
H3051#1	1a) (Qal)
H3051#2	1a1) dar
H3051#3	1a2) poner, colocar
H3051#4	1a3) proveer (con reflexivo)
H3051#5	1a4) atribuir (gloria)
H3051#6	1a5) conceder, permitir, ¡vamos!
H3052#0	1) dar, proveer
H3052#1	1a) (P'al)
H3052#2	1a1) dar
H3052#3	1a2) poner, echar (cimientos)
H3052#4	1b) (Hithp'al)
H3052#5	1b1) ser dado
H3052#6	1b2) ser pagado
H3053#0	1) carga, suerte (lo que es dado)
H3054#0	1) (Hithpael) hacerse judío (de hecho o con engaño), judaizarse
H3055#0	Jehud = «belleza»
H3055#1	1) una ciudad de Dan, situada entre Baalat y Bene-berac y 8 millas al este de Jope
H3056#0	Jahdai «a quien él pondrá»
H3056#1	1) uno de la familia de Caleb
H3057#0	adjetivo femenino
H3057#1	1) la judía
H3057#2	Jehudaía = judía
H3057#3	nombre propio femenino
H3057#4	2) (CLBL) una calebita, la esposa de uno llamado Esdras
H3058#0	Jehú = «Jehová es Él»
H3058#1	1) el rey del reino del norte, Israel, que derrocó la dinastía de Omri
H3058#2	2) hijo de Hanani y profeta israelita en tiempos de Baasa y Josafat
H3058#3	3) el anatotita, un benjamita, uno de los valientes de David
H3058#4	4) un descendiente de Judá de la casa de Hezrón
H3058#5	5) hijo de Josibías y un jefe de la tribu de Simeón
H3059#0	Joacaz = «Jehová ha asido»
H3059#1	1) un rey de Judá, hijo de Josías
H3059#2	2) un rey del reino del norte de Israel, hijo de Jehú
H3059#3	3) un rey de Judá, hijo de Joram (Ocozías)
H3060#0	Joás = «dado por el Señor»
H3060#1	1) hijo del rey Ocozías y octavo rey de Judá
H3060#2	2) hijo del rey Joacaz y duodécimo rey del reino del norte de Israel
H3061#0	1) Judá, el territorio de la tribu de Judá
H3062#0	1) judío
H3063#0	Judá = «alabado»
H3063#1	1) el hijo de Jacob y de Lea
H3063#2	2) la tribu descendiente de Judá, hijo de Jacob
H3063#3	3) el territorio ocupado por la tribu de Judá
H3063#4	4) el reino compuesto por las tribus de Judá y Benjamín, que ocupó la parte sur de Canaán después de que la nación se dividió a la muerte de Salomón
H3063#5	5) un levita en tiempos de Esdras
H3063#6	6) un supervisor de Jerusalén en tiempos de Nehemías
H3063#7	7) un músico levita en tiempos de Nehemías
H3063#8	8) un sacerdote en tiempos de Nehemías
H3064#0	1) judío
H3065#0	Jehudí = «judío»
H3065#1	1) hijo de Netanías y siervo del rey Joacim
H3066#0	1) en la lengua judía, en hebreo
H3067#0	Judit = «judía» o «alabada»
H3067#1	1) la hija de Beeri el heteo y esposa de Esaú
H3068#0	Jehová = «el que existe»
H3068#1	1) el nombre propio del único Dios verdadero
H3068#2	1a) no se pronuncia sino con las vocales de H0136
H3069#0	1) Jehová, usado principalmente en la combinación 'Señor Jehová'
H3069#1	1a) igual a H03068 pero puntuado con las vocales de H0430
H3070#0	Jehová-jireh = «Jehová ve»
H3070#1	1) nombre simbólico dado por Abraham al monte Moriah en conmemoración de la intervención del ángel de Jehová, que impidió el sacrificio de Isaac y proveyó un sustituto
H3071#0	Jehová-nisi = «Jehová es mi estandarte»
H3071#1	1) el nombre dado por Moisés al altar que edificó en conmemoración de la derrota de los amalecitas
H3072#0	Jehová es nuestra justicia
H3072#1	1) un nombre sagrado aplicado simbólicamente a Jerusalén y al Mesías
H3073#0	Jehová-salom = «Jehová es paz»
H3073#1	1) el nombre de un altar sagrado edificado por Gedeón en Ofra
H3074#0	Jehová-sama = «Jehová está allí»
H3074#1	1) un nombre simbólico de Jerusalén
H3075#0	Jozabad = «Jehová ha dotado»
H3075#1	1) hijo de Somer, una mujer moabita, que asesinó a Joás, rey de Judá
H3075#2	2) un benjamita, capitán de 180.000 hombres armados, en los días de Josafat
H3075#3	3) un levita coreíta, segundo hijo de Obed-edom, y uno de los porteros del templo y de su almacén en tiempos de David
H3076#0	Johanán = «Jehová ha dado gracia»
H3076#1	1) un sacerdote durante el sumo sacerdocio de Joiacim, que regresó con Zorobabel
H3076#2	2) un sumo sacerdote en tiempos de Esdras
H3076#3	3) un sacerdote levita que participó en la dedicación del muro en tiempos de Nehemías
H3076#4	4) hijo de Tobías
H3076#5	5) un levita coreíta y uno de los porteros del tabernáculo en tiempos de David
H3076#6	6) un capitán de Judá bajo el rey Josafat
H3076#7	7) un efrateo
H3076#8	8) un israelita con mujer extranjera en tiempos de Esdras
H3076#9	9) un capitán judío después de la caída de Jerusalén
H3076#10	10) el hijo mayor del rey Josías
H3076#11	11) un príncipe postexílico del linaje de David
H3076#12	12) padre de Azarías, sacerdote en tiempos de Salomón
H3076#13	13) un benjamita, uno de los valientes de David
H3076#14	14) un gadita, uno de los valientes de David
H3076#15	15) un exiliado que regresó
H3077#0	Joiada = «Jehová conoce»
H3077#1	1) padre de Benaía, valiente de David
H3077#2	2) jefe de los sacerdotes que se unieron a David en Hebrón
H3077#3	3) sumo sacerdote en tiempos de la usurpación del trono de Judá por Atalía; escondió a Joás, el hijo del rey, durante seis años y finalmente lo restituyó en el trono de Judá
H3077#4	4) segundo sacerdote, o sagán, de Seraías el sumo sacerdote
H3078#0	Joaquín = «Jehová establece»
H3078#1	1) rey de Judá, hijo de Joacim, y penúltimo rey de Judá antes del cautiverio babilónico; su reinado duró 3 meses y 10 días antes de rendirse a Nabucodonosor, quien lo llevó a Babilonia y lo encarceló durante 36 años, hasta que finalmente fue liberado
H3079#0	Joacim = «Jehová levanta»
H3079#1	1) hijo de Josías y antepenúltimo rey de Judá; vasallo sometido a Nabucodonosor que reinó 11 años antes de morir de muerte violenta, ya sea en combate o a manos de sus propios súbditos
H3080#0	Joiarib = «Jehová contiende»
H3080#1	1) un sacerdote en Jerusalén
H3080#2	2) el jefe del primero de los 24 turnos de sacerdotes en tiempos de David
H3081#0	Jucal = «Jehová es capaz»
H3081#1	1) un hijo de Selemías y siervo del rey Sedequías, a quien este envió a Jeremías para rogarle sus oraciones y su consejo
H3082#0	Jonadab = «Jehová está dispuesto»
H3082#1	1) un hijo de Recab, jefe de los recabitas, en tiempos de Jehú y Acab
H3082#2	2) un sobrino de David
H3083#0	Jonatán o Jehonatán = «Jehová ha dado»
H3083#1	1) un hijo del rey Saúl y amigo de David
H3083#2	2) un hijo del sumo sacerdote Abiatar y el último descendiente de Elí del que se tiene noticia
H3083#3	3) un sobrino de David que, como David, mató a un gigante de Gat
H3083#4	4) un tío de David
H3083#5	5) uno de los valientes de David
H3083#6	6) uno de los tesoreros de David
H3083#7	7) un escriba en tiempos de Jeremías
H3083#8	8) un levita y padre de Zacarías, un sacerdote que tocó la trompeta en la dedicación del muro
H3083#9	9) un hijo o descendiente de Gersón, hijo de Moisés, y sacerdote de la tribu de Dan
H3083#10	10) un hijo de Carea y hermano de Johanán; un capitán judaíta después de la caída de Jerusalén
H3083#11	11) otro judaíta, padre de Pelet
H3083#12	12) padre de Ebed en tiempos de Esdras
H3083#13	13) hijo de Asael en tiempos de Esdras
H3083#14	14) un sacerdote de la familia de Melicú en tiempos de Nehemías
H3083#15	15) hijo de Joiada y su sucesor en el sumo sacerdocio en tiempos de Nehemías
H3084#0	José = «Jehová ha añadido»
H3084#1	1) el hijo mayor de Jacob y de Raquel
H3085#0	Joada = «Jehová ha adornado»
H3085#1	1) un descendiente de Saúl por medio de Jonatán
H3086#0	Joadán = «Jehová se deleita»
H3086#1	1) esposa del rey Joás y madre del rey Amasías de Judá
H3087#0	Josadac o Josedec = «Jehová es justo»
H3087#1	1) nieto del sumo sacerdote Hilcías; hijo del sumo sacerdote Seraías; y padre del sumo sacerdote Josué; él mismo nunca llegó al oficio de sumo sacerdote porque fue llevado cautivo a Babilonia por Nabucodonosor
H3088#0	Joram o Jehoram = «Jehová es exaltado»
H3088#1	1) hijo del rey Josafat de Judá y él mismo rey de Judá durante 8 años; su esposa fue la malvada Atalía, que probablemente fue la instigadora de que él hiciera volver a la nación de Judá a la adoración de Baal
H3088#2	2) hijo del rey Acab del reino del norte de Israel y él mismo rey de Israel durante 12 años; fue asesinado por Jehú en la parcela de tierra por la cual su padre había asesinado a Nabot, cumpliendo así al pie de la letra la profecía de Elías
H3088#3	3) un sacerdote en el reinado de Josafat
H3089#0	Josaba = «Jehová ha jurado»
H3089#1	1) hija del rey Joram de Judá y esposa del sumo sacerdote Joiada
H3089#2	1a) grafía alternativa 'Josabet' - H03090
H3090#0	Josabet = «Jehová es juramento»
H3090#1	1) hija del rey Joram de Judá y esposa del sumo sacerdote Joiada
H3090#2	1a) grafía alternativa 'Josaba- H3089
H3091#0	Josué o Jehosúa = «Jehová es salvación»
H3091#1	nombre propio masculino
H3091#2	1) hijo de Nun, de la tribu de Efraín, y sucesor de Moisés como caudillo de los hijos de Israel; dirigió la conquista de Canaán
H3091#3	2) un habitante de Bet-semes en cuyo campo se detuvo el arca del pacto después de que los filisteos la devolvieron
H3091#4	3) hijo de Josadac y sumo sacerdote después de la restauración
H3091#5	4) gobernador de Jerusalén bajo el rey Josías, que dio su nombre a una puerta de la ciudad de Jerusalén
H3092#0	Josafat = «Jehová ha juzgado»
H3092#1	nombre propio masculino
H3092#2	1) hijo del rey Asa y él mismo rey de Judá durante 25 años; uno de los mejores, más piadosos y prósperos reyes de Judá
H3092#3	2) hijo de Nimsi y padre del rey Jehú del reino del norte de Israel
H3092#4	3) hijo de Ahilud y cronista bajo David y Salomón
H3092#5	4) hijo de Parúa y uno de los 12 intendentes bajo Salomón
H3092#6	5) un sacerdote y trompetero en tiempos de David
H3092#7	nombre propio de lugar
H3092#8	6) nombre simbólico de un valle cerca de Jerusalén que es el lugar del juicio final; tal vez el profundo barranco que separa Jerusalén del monte de los Olivos, por el cual corría el Cedrón
H3093#0	1) orgulloso, arrogante, altivo
H3094#0	Jehalelel = «Dios es alabado»
H3094#1	1) un descendiente calebita de Judá
H3094#2	2) padre de Azarías y levita merarita en tiempos de Ezequías
H3095#0	1) una piedra preciosa (conocida por su dureza)
H3095#1	1a) quizás el jaspe, el ónice o el diamante
H3096#0	Jahaza o Jahaz o Jahza = «pisoteado»
H3096#1	1) un lugar en Rubén al este del mar Muerto donde Israel derrotó a Sehón, rey de los amorreos; sitio incierto
H3097#0	Joab = «Jehová es padre»
H3097#1	1) hijo de Sarvia, hermana de David, y general del ejército de David
H3097#2	2) un judaíta descendiente de Cenaz
H3097#3	3) una familia postexílica
H3098#0	Joa = «Jehová es hermano»
H3098#1	1) hijo de Asaf y cronista de Ezequías
H3098#2	2) un hijo o nieto gersonita de Zima
H3098#3	3) un coreíta, tercer hijo de Obed-edom y portero en tiempos de David
H3098#4	4) hijo de Joacaz y cronista del rey Josías
H3099#0	Joacaz o Jehoacaz = «Jehová ha asido»
H3099#1	1) el padre de Joa, cronista de Josías
H3100#0	Joel = «Jehová es Dios»
H3100#1	1) hijo de Petuel y el segundo de los 12 profetas menores, con un libro que lleva su nombre; probablemente profetizó en tiempos del rey Uzías de Judá
H3100#2	2) hijo mayor del profeta Samuel y padre de Hemán el cantor
H3100#3	3) un jefe simeonita
H3100#4	4) un rubenita
H3100#5	5) un jefe de Gad
H3100#6	6) hijo de Izrahías y jefe de Isacar
H3100#7	7) hermano de Natán de Soba y uno de los valientes de David
H3100#8	8) hijo de Pedaías y jefe de la media tribu de Manasés al oeste del Jordán en tiempos de David
H3100#9	9) un hijo de Nebo que regresó con Esdras y tenía mujer extranjera
H3100#10	10) un benjamita, hijo de Zicri
H3100#11	11) un levita
H3100#12	12) un levita coatita en el reinado de Ezequías
H3100#13	13) un jefe levita gersonita en tiempos de David
H3100#14	14) un levita gersonita, hijo de Jehiel y descendiente de Laadán; tal vez el mismo que el 13
H3101#0	Joás = «dado por el Señor»
H3101#1	1) hijo del rey Ocozías y octavo rey de Judá
H3101#2	2) hijo del rey Joacaz y duodécimo rey del reino del norte de Israel
H3101#3	3) padre de Gedeón
H3101#4	4) un hijo del rey Acab
H3101#5	5) un descendiente de Sela, hijo de Judá; ya sea hijo de Sela o hijo de Joacim
H3101#6	6) hijo de Semaa de Gabaa, que acudió a David en Siclag
H3102#0	Job = «perseguido»
H3102#1	1) el tercer hijo de Isacar, llamado también 'Jasub'
H3103#0	Jobab = «un desierto»
H3103#1	1) el último en orden de los hijos de Joctán, descendiente de Sem
H3103#2	2) uno de los reyes de Edom
H3103#3	3) el rey de Madón, situado en el norte de Canaán, y uno de los reyes que se opusieron a Josué durante la conquista y que fueron derrotados en Merom
H3103#4	4) jefe de una casa benjamita
H3103#5	5) otro benjamita
H3104#0	1) carnero, cuerno de carnero, trompeta, bocina
H3104#1	1a) carnero (solo en combinación)
H3104#2	1a1) cuerno de carnero, trompeta
H3104#3	1b) año del jubileo (señalado por el toque de bocinas) (por metonimia)
H3105#0	1) corriente
H3106#0	Jubal = «corriente»
H3106#1	1) el hijo de Lamec y de Ada, e inventor de los instrumentos musicales
H3107#0	Jozabad o Josabad = «Jehová ha dotado»
H3107#1	1) un levita coreíta, segundo hijo de Obed-edom, y uno de los porteros del templo y de su almacén en tiempos de David
H3107#2	2) uno de los valientes de David
H3107#3	3) otro de los valientes de David
H3107#4	4) otros cuatro sacerdotes o levitas
H3108#0	Josacar = «Jehová recuerda»
H3108#1	1) un siervo del rey Joás de Judá y uno de sus asesinos
H3108#2	1a) llamado también 'Zabad'
H3109#0	Joha = «Jehová da vida»
H3109#1	1) uno de los hijos de Bería el benjamita
H3109#2	2) el tizita, uno de los valientes de David
H3110#0	Johanán = «Jehová ha dado gracia»
H3110#1	1) un sacerdote durante el sumo sacerdocio de Joiacim, que regresó con Zorobabel
H3110#2	2) un capitán judío después de la caída de Jerusalén
H3110#3	3) el hijo mayor del rey Josías
H3110#4	4) un príncipe postexílico del linaje de David
H3110#5	5) padre de Azarías, sacerdote en tiempos de Salomón
H3110#6	6) un benjamita, uno de los valientes de David
H3110#7	7) un gadita, uno de los valientes de David
H3110#8	8) un exiliado que regresó
H3111#0	Joiada = «Jehová conoce»
H3111#1	1) hijo de Paseah, que ayudó a reparar la puerta vieja de Jerusalén
H3111#2	2) hijo del sumo sacerdote Eliasib en tiempos de Nehemías
H3112#0	Joaquín = «Jehová establece»
H3112#1	1) rey de Judá, hijo de Joacim, y penúltimo rey de Judá antes del cautiverio babilónico; su reinado duró 3 meses y 10 días antes de rendirse a Nabucodonosor, quien lo llevó a Babilonia y lo encarceló durante 36 años, hasta que finalmente fue liberado
H3113#0	Joiacim o Joacim = «Jehová levanta»
H3113#1	1) un sacerdote, hijo de Jesúa el sumo sacerdote
H3114#0	Joiarib = «Jehová contiende»
H3114#1	1) el jefe del primero de los 24 turnos de sacerdotes en tiempos de David
H3114#2	2) un maestro en tiempos de Esdras
H3114#3	3) un judaíta en tiempos de Nehemías
H3115#0	Jocabed = «Jehová es gloria»
H3115#1	1) la hija de Leví, esposa y a la vez tía de Amram, y madre de Moisés, Aarón y María
H3116#0	Jucal = «Jehová es capaz»
H3116#1	1) un hijo de Selemías y siervo del rey Sedequías, a quien este envió a Jeremías para rogarle sus oraciones y su consejo
H3117#0	1) día, tiempo, año
H3117#1	1a) día (en oposición a la noche)
H3117#2	1b) día (período de 24 horas)
H3117#3	1b1) definido por la tarde y la mañana en Génesis 1
H3117#4	1b2) como división del tiempo
H3117#5	1b2a) una jornada de trabajo, un día de camino
H3117#6	1c) días, vida (pl.)
H3117#7	1d) tiempo, período (en general)
H3117#8	1e) año
H3117#9	1f) referencias temporales
H3117#10	1f1) hoy
H3117#11	1f2) ayer
H3117#12	1f3) mañana
H3118#0	1) día
H3118#1	2) día siempre se refiere a un período de veinticuatro horas cuando la palabra va modificada por un número definido o cardinal
H3119#0	adverbio
H3119#1	1) de día, durante el día
H3119#2	sustantivo
H3119#3	2) día (tiempo de luz)
H3120#0	Javán = «Jonia» o «Grecia»
H3120#1	nombre propio masculino
H3120#2	1) un hijo de Jafet y nieto de Noé
H3120#3	nombre propio de lugar
H3120#4	2) Grecia, Jonia, jonios
H3120#5	2a) ubicación de los descendientes de Javán
H3121#0	1) cieno, lodazal
H3122#0	Jonadab o Jehonadab = «Jehová está dispuesto»
H3122#1	1) un hijo de Recab, jefe de los recabitas, en tiempos de Jehú y Acab
H3122#2	2) un sobrino de David
H3123#0	1) paloma, pichón
H3124#0	Jonás = «paloma»
H3124#1	1) hijo de Amitai y natural de Gat-hefer; quinto de los profetas menores, que profetizó durante el reinado de Jeroboam II y a quien Dios envió también a profetizar a Nínive
H3125#0	1) griego, jonio
H3126#0	1) retoño, lactante, renuevo, planta tierna
H3127#0	1) planta tierna, ramita, brote tierno
H3128#0	Jonat-elem-rehokim = «la paloma silenciosa de lugares lejanos»
H3128#1	1) significado incierto
H3128#2	1a) probablemente nombre de una melodía
H3128#3	1b) usado solo en el título de Ps 56:1
H3129#0	Jonatán o Jehonatán = «Jehová ha dado»
H3129#1	1) un hijo del rey Saúl y amigo de David
H3129#2	2) un hijo del sumo sacerdote Abiatar y el último descendiente de Elí del que se tiene noticia
H3129#3	3) uno de los valientes de David
H3129#4	4) un levita y padre de Zacarías, un sacerdote que tocó la trompeta en la dedicación del muro
H3129#5	5) un hijo de Carea y hermano de Johanán; un capitán judaíta después de la caída de Jerusalén
H3129#6	6) otro judaíta
H3129#7	7) padre de Ebed en tiempos de Esdras
H3129#8	8) hijo de Asael en tiempos de Esdras
H3129#9	9) un sacerdote de la familia de Melicú en tiempos de Nehemías
H3129#10	10) hijo de Joiada y su sucesor en el sumo sacerdocio en tiempos de Nehemías
H3130#0	José = «Jehová ha añadido»
H3130#1	1) el hijo mayor de Jacob y de Raquel
H3130#2	2) padre de Igal, que representó a la tribu de Isacar entre los espías
H3130#3	3) un hijo de Asaf
H3130#4	4) un hombre que tomó mujer extranjera en tiempos de Esdras
H3130#5	5) un sacerdote de la familia de Sebanías en tiempos de Nehemías
H3131#0	Josifías = «Jehová añade»
H3131#1	1) padre o antepasado de Selomit, que regresó con Esdras
H3132#0	Joela = «que él sea de provecho»
H3132#1	1) hijo de Jeroham de Gedor y uno de los valientes de David
H3133#0	Joed = «Jehová es testigo»
H3133#1	1) un benjamita, hijo de Pedaías
H3134#0	Joezer = «Jehová es ayuda»
H3134#1	1) un coreíta, uno de los valientes de David que se le unieron en Siclag
H3135#0	Joás = «Jehová se apresura»
H3135#1	1) un benjamita, hijo de Bequer
H3135#2	2) uno de los oficiales de la corte de David
H3136#0	Josadac = «Jehová es justo»
H3136#1	1) nieto del sumo sacerdote Hilcías; hijo del sumo sacerdote Seraías; y padre del sumo sacerdote Josué; él mismo nunca llegó al oficio de sumo sacerdote porque fue llevado cautivo a Babilonia por Nabucodonosor
H3137#0	Joacim = «Jehová levanta»
H3137#1	1) un descendiente de Judá
H3138#0	1) lluvia temprana, aguacero de otoño
H3138#1	1a) lluvia que cae en Palestina desde fines de octubre hasta principios de diciembre
H3139#0	Jora = «él instruye»
H3139#1	1) el jefe o antepasado de una familia que regresó de Babilonia con Esdras
H3140#0	Jorai = «Jehová me ha enseñado»
H3140#1	1) uno de los gaditas que habitaban en Galaad, en Basán, en el reinado del rey Jotam de Judá
H3141#0	Joram = «Jehová es exaltado»
H3141#1	1) hijo del rey Josafat de Judá y él mismo rey de Judá durante 8 años; su esposa fue la malvada Atalía, que probablemente fue la instigadora de que él hiciera volver a la nación de Judá a la adoración de Baal
H3141#2	2) hijo del rey Acab del reino del norte de Israel y él mismo rey de Israel durante 12 años; fue asesinado por Jehú en la parcela de tierra por la cual su padre había asesinado a Nabot, cumpliendo así al pie de la letra la profecía de Elías
H3141#3	3) un levita en tiempos de David y antepasado de Selomit
H3141#4	4) hijo de Toi, rey de Hamat
H3142#0	Jusab-hesed = «cuyo amor es correspondido»
H3142#1	1) hijo de Zorobabel
H3143#0	Josibías = «Jehová hace habitar»
H3143#1	1) un simeonita, padre de Jehú
H3144#0	Josías = «Jehová iguala»
H3144#1	1) un príncipe de la casa de Simeón
H3145#0	Josavía = «Jehová iguala»
H3145#1	1) hijo de Elnaam y uno de los valientes de David
H3146#0	Josafat = «Jehová juzga»
H3146#1	nombre propio masculino
H3146#2	1) uno de los valientes de David
H3146#3	2) un sacerdote y trompetero en tiempos de David
H3147#0	Jotam = «Jehová es perfecto»
H3147#1	1) hijo del rey Uzías de Judá y de Jerusa; rey de Judá durante 16 años y contemporáneo de Isaías y del rey Peka de Israel
H3147#2	2) hijo de Jahdai y descendiente de Caleb y de Judá
H3147#3	3) hijo menor de Gedeón, que escapó de la matanza de sus hermanos
H3148#0	sustantivo masculino
H3148#1	1) superioridad, ventaja, exceso
H3148#2	adverbio
H3148#3	2) en exceso, mejor
H3148#4	conjunción
H3148#5	3) además, por otra parte, más
H3149#0	Jeziel = «la asamblea de Dios»
H3149#1	1) un benjamita y uno de los valientes de David que se le unieron en Siclag
H3150#0	Izías = «Jehová rocía»
H3150#1	1) un descendiente de Paros que tomó mujer extranjera en tiempos de Esdras
H3151#0	Jaziz = «Él hace prominente»
H3151#1	1) un agareno, oficial de David encargado de los rebaños
H3152#0	Jezlías = «a quien Dios preservará»
H3152#1	1) un benjamita de los hijos de Elpaal
H3153#0	Jezanías = «Jehová ha escuchado»
H3153#1	1) hijo de Osaías el maacateo y uno de los capitanes que escaparon de Jerusalén durante el último asedio de los babilonios; uno de los primeros en volver a Gedalías en Mizpa, donde tuvo un papel destacado después del asesinato de Gedalías
H3154#0	1) sudor, transpiración
H3155#0	Izraíta = «descendiente de Zera»
H3155#1	1) un descendiente de Zera de Judá
H3156#0	Izrahías o Jezrahías = «Jehová brillará»
H3156#1	1) un jefe de Isacar
H3156#2	2) un levita y director del coro en la dedicación del muro de Jerusalén bajo Nehemías
H3157#0	Jezreel = «Dios siembra»
H3157#1	nombre propio masculino
H3157#2	1) un descendiente del padre o fundador de Etam de Judá
H3157#3	2) primer hijo del profeta Oseas
H3157#4	nombre propio de lugar
H3157#5	3) una ciudad en el Néguev de Judá
H3157#6	4) una ciudad de Isacar en la estribación noroeste del monte Gilboa
H3158#0	Jezreelita = véase Jezreel «sembrado de Dios»
H3158#1	1) un habitante de Jezreel
H3159#0	Jezreelita (fem.) = véase Jezreel «sembrado de Dios»
H3159#1	1) una habitante de Jezreel
H3159#2	1a) usado solo de Ahinoam, una esposa de David
H3160#0	Jehúba = «escondido»
H3160#1	1) un hombre de Aser, hijo de Somer o Semer, de la casa de Bería
H3161#0	1) juntar, unir, ser juntado, estar unido
H3161#1	1a) (Qal) estar unido
H3161#2	1b) (Piel) unir
H3162#0	sustantivo masculino
H3162#1	1) unión, unidad
H3162#2	adverbio
H3162#3	2) juntos, en conjunto, todos juntos, igualmente
H3163#0	Jahdo = «Su unidad»
H3163#1	1) un galaadita, hijo de Buz y padre de Jesisai
H3164#0	Jahdiel = «mi unidad es Dios»
H3164#1	1) un jefe de Manasés al este del Jordán
H3165#0	Jehedías = «Jehová es unidad»
H3165#1	1) un levita en tiempos de David
H3165#2	2) un meronotita, oficial de David encargado de las asnas
H3166#0	Jahaziel = «contemplado por Dios»
H3166#1	1) un guerrero benjamita que se unió a David en Siclag
H3166#2	2) un sacerdote en el reinado de David que ayudó a trasladar el arca
H3166#3	3) un levita coatita, tercer hijo de Hebrón
H3166#4	4) un levita, hijo de Zacarías, de los hijos de Asaf, en el reinado de Josafat
H3166#5	5) un antepasado de una de las familias que regresaron del exilio con Esdras
H3167#0	Jahazías = «Jehová mira»
H3167#1	1) hijo de Ticva, aparentemente sacerdote y dirigente en tiempos de Esdras
H3168#0	Ezequiel o Hezequiel = «Dios fortalece»
H3168#1	1) hijo de Buzi, sacerdote y profeta; autor del libro que lleva su nombre; llevado cautivo con Joaquín y exiliado en Babilonia, donde profetizó durante los siguientes 22 años
H3168#2	2) un sacerdote encargado del vigésimo turno en tiempos de David
H3169#0	Ezequías o Jehizquías = «Jehová ha fortalecido»
H3169#1	1) hijo del rey Acaz y de Abi o Abías, y duodécimo rey de Judá; su reinado se caracterizó por su conducta piadosa; reinó 29 años
H3169#2	2) jefe de una familia de exiliados que regresaron en tiempos de Nehemías
H3169#3	3) un efrateo en tiempos de Acaz
H3170#0	Jazera = «a quien Dios hace volver»
H3170#1	1) un sacerdote de la casa de Imer
H3171#0	Jehiel = «Dios vive»
H3171#1	1) un levita y uno de los músicos principales en tiempos de David
H3171#2	2) un levita gersonita que tenía a su cargo los tesoros en tiempos de David
H3171#3	3) hijo de Hacmoni, oficial de David y tutor de los hijos de David
H3171#4	4) un hijo del rey Josafat de Judá, muerto por su hermano Joram
H3171#5	5) un hemanita que participó en la restauración del rey Ezequías
H3171#6	6) un levita y supervisor en tiempos de Ezequías
H3171#7	7) un jefe del templo durante las reformas de Josías
H3171#8	8) padre de Obadías, de los hijos de Joab, en tiempos de Esdras
H3171#9	9) padre de Secanías, de los hijos de Elam, en tiempos de Esdras
H3171#10	10) un hijo de Elam que despidió a su mujer extranjera en tiempos de Esdras
H3171#11	11) un sacerdote de los hijos de Harim que también tuvo que despedir a su mujer extranjera en tiempos de Esdras
H3172#0	Jehieli = «Dios preservará con vida» o «arrebatado por Dios»
H3172#1	1) un levita gersonita de la familia de Laadán
H3173#0	adjetivo
H3173#1	1) único, solo uno, solitario, uno
H3173#2	1a) único, singular, uno
H3173#3	1b) solitario
H3173#4	1c)(TWOT) hijo unigénito
H3173#5	sustantivo
H3173#6	2) uno
H3174#0	Jehías = «Jehová vive»
H3174#1	1) portero del arca en el tiempo de su establecimiento en Jerusalén
H3175#0	1) que espera, que tiene esperanza
H3176#0	1) esperar, tener esperanza, aguardar
H3176#1	1a) (Niphal) esperar
H3176#2	1b) (Piel)
H3176#3	1b1) esperar, aguardar, detenerse
H3176#4	1b2) esperar a, tener esperanza en
H3176#5	1c) (Hiphil) esperar, detenerse, aguardar, tener esperanza en
H3177#0	Jahleel = «Dios espera»
H3177#1	1) el tercero de los 3 hijos de Zabulón; fundador de la familia de los jahleelitas
H3178#0	Jahleelitas = «la esperanza de Dios»
H3178#1	1) descendientes de Jahleel, de la tribu de Zabulón
H3179#0	1) estar caliente, concebir
H3179#1	1a) (Qal)
H3179#2	1a1) estar caliente, calentarse
H3179#3	1a2) aparearse (de animales)
H3179#4	1a3) estar o ponerse caliente (fig. de la ira)
H3179#5	1b) (Piel)
H3179#6	1b1) concebir (sexualmente)
H3179#7	1b2) estar en celo (de animales)
H3180#0	1) corzo
H3180#1	1a) una especie de ciervo, de color rojizo
H3180#2	1b) quizás un animal extinto, significado exacto desconocido
H3181#0	Jahmai = «a quien Jehová guarda»
H3181#1	1) un hombre de Isacar y uno de los jefes de la familia de Tola
H3182#0	1) descalzo
H3182#1	1a) desnudez, estar descalzo (sustantivo)
H3183#0	Jahzeel = «Dios reparte»
H3183#1	1) el primero de los 4 hijos de Neftalí y fundador de la familia de los jahzeelitas
H3184#0	Jahzeelitas = véase Jahzeel «Dios reparte»
H3184#1	1) los descendientes de Jahzeel, el primer hijo de Neftalí
H3185#0	Jahziel = «Dios reparte»
H3185#1	1) el primero de los 4 hijos de Neftalí y fundador de la familia de los jahzeelitas
H3186#0	1) (Qal) demorar, tardar, diferir
H3187#0	1) (Hithpael) contar genealógicamente, inscribir en una genealogía, inscribir, ser inscrito
H3188#0	1) genealogía
H3189#0	Jahat = «Él arrebatará»
H3189#1	1) hijo de Reaía y nieto de Sobal, de la tribu de Judá
H3189#2	2) un hijo de Libni, nieto de Gersón y bisnieto de Leví
H3189#3	3) un levita gersonita; el hijo mayor de Simei y nieto de Laadán; fundador de la casa de Jahat
H3189#4	4) un levita, hijo de Selomot
H3189#5	5) un levita merarita en el reinado de Josías
H3190#0	1) ser bueno, ser agradable, estar bien, alegrarse
H3190#1	1a) (Qal)
H3190#2	1a1) alegrarse, estar gozoso
H3190#3	1a2) estar bien situado
H3190#4	1a3) irle bien a, estar bien con, ir bien con
H3190#5	1a4) ser agradable, agradar a
H3190#6	1b) (Hiphil)
H3190#7	1b1) alegrar, regocijar
H3190#8	1b2) hacer bien a, tratar bien
H3190#9	1b3) hacer bien, hacer cabalmente
H3190#10	1b4) hacer que una cosa sea buena, recta o hermosa
H3190#11	1b5) obrar bien, hacer lo recto
H3191#0	1) (P'al) ser bueno, hacer el bien, ser agradable
H3192#0	Jotba = «agradable»
H3192#1	1) una ciudad de Judá, ciudad natal de Mesulemet, esposa del rey Manasés
H3192#2	1a) sitio desconocido
H3193#0	Jotbat o Jotbata = «amenidad»
H3193#1	1) un lugar de parada en el desierto; sitio desconocido
H3194#0	Juta = «extendido»
H3194#1	1) una ciudad en las montañas de Judá, en las cercanías de Maón y Carmel; la moderna 'Yutta'
H3195#0	Jetur = «cercado»
H3195#1	1) un hijo de Ismael cuyos descendientes guerrearon con Israel al este del Jordán
H3195#2	1a) llamado también 'Iturea'
H3196#0	1) vino
H3197#0	1) mano, lado (del camino)
H3198#0	1) probar, decidir, juzgar, reprender, redargüir, corregir, tener razón
H3198#1	1a) (Hiphil)
H3198#2	1a1) decidir, juzgar
H3198#3	1a2) adjudicar, designar
H3198#4	1a3) mostrar que es recto, probar
H3198#5	1a4) convencer, declarar culpable
H3198#6	1a5) reprender, regañar
H3198#7	1a6) corregir, reprender
H3198#8	1b) (Hophal) ser castigado
H3198#9	1c) (Niphal) razonar, razonar juntos
H3198#10	1d) (Hithp) discutir
H3199#0	Jaquín = «Él establecerá»
H3199#1	nombre propio masculino
H3199#2	1) el cuarto hijo de Simeón y fundador de la familia de los jaquinitas
H3199#3	2) un sacerdote y jefe del vigésimo primer turno en tiempos de David
H3199#4	3) un sacerdote postexílico en tiempos de Nehemías
H3199#5	nombre propio
H3199#6	4) nombre de la columna de la derecha delante del templo
H3200#0	Jaquinitas = véase Jaquín «él establecerá»
H3200#1	1) los descendientes de Jaquín
H3201#0	1) prevalecer, vencer, soportar, tener poder, poder
H3201#1	1a) (Qal)
H3201#2	1a1) poder, ser capaz de lograr o realizar, ser capaz de soportar, ser capaz de alcanzar
H3201#3	1a2) prevalecer, prevalecer sobre o contra, vencer, ser vencedor
H3201#4	1a3) tener capacidad, tener fuerza
H3202#0	1) poder
H3202#1	1a) (P'al)
H3202#2	1a1) poder
H3202#3	1a2) prevalecer
H3203#0	Jecolías o Jecolía = «Jehová es capaz»
H3203#1	1) esposa del rey Amasías de Judá y madre del rey Uzías (Azarías)
H3204#0	Jeconías = «Jehová establecerá»
H3204#1	1) hijo del rey Joacim de Judá y rey de Judá durante 3 meses y 10 días antes de rendirse a Nabucodonosor y ser llevado cautivo a Babilonia, donde estuvo preso durante los siguientes 36 años; liberado a la muerte de Nabucodonosor, vivió en Babilonia hasta su muerte
H3204#2	1a) grafía principal 'Joaquín'
H3205#0	1) dar a luz, alumbrar, engendrar, procrear, estar de parto
H3205#1	1a) (Qal)
H3205#2	1a1) dar a luz, alumbrar
H3205#3	1a1a) del parto
H3205#4	1a1b) de la angustia (símil)
H3205#5	1a1c) de los impíos (conducta)
H3205#6	1a2) engendrar
H3205#7	1b) (Niphal) nacer
H3205#8	1c) (Piel)
H3205#9	1c1) hacer o ayudar a dar a luz
H3205#10	1c2) asistir o atender como partera
H3205#11	1c3) partera (participio)
H3205#12	1d) (Pual) nacer
H3205#13	1e) (Hiphil)
H3205#14	1e1) engendrar (un hijo)
H3205#15	1e2) dar a luz (fig. -de los impíos que dan a luz iniquidad)
H3205#16	1f) (Hophal) día del nacimiento, cumpleaños (infinitivo)
H3205#17	1g) (Hithpael) declarar el propio nacimiento (linaje)
H3206#0	1) niño, hijo, muchacho, descendencia, joven
H3206#1	1a) niño, hijo, muchacho
H3206#2	1b) niño, niños
H3206#3	1c) descendientes
H3206#4	1d) joven
H3206#5	1e) israelitas apóstatas (fig.)
H3207#0	1) muchacha, doncella, joven casadera
H3208#0	1) niñez, juventud
H3209#0	1) nacido
H3210#0	Jalón = «Jehová se aloja»
H3210#1	1) un hijo de Esdras y descendiente de Caleb
H3211#0	1) nacido
H3212#0	1) ir, andar, venir
H3212#1	1a) (Qal)
H3212#2	1a1) ir, andar, venir, partir, proseguir, moverse, irse
H3212#3	1a2) morir, vivir, manera de vivir (fig.)
H3212#4	1b) (Hiphil) guiar, traer, llevarse, llevar, hacer andar
H3213#0	1) (Hiphil) aullar, gemir, dar alaridos
H3214#0	1) un aullido (de fieras)
H3215#0	1) un aullido (de angustia), lamento
H3216#0	1) (Qal) hablar precipitadamente, hablar desatinadamente
H3216#1	1a) (TWOT) tragar, engullir
H3217#0	1) costra, llaga de la piel, escamas, caspa, una enfermedad eruptiva
H3218#0	1) langosta joven (primera etapa de desarrollo)
H3218#1	1a) oruga (como devoradora)
H3219#0	1) zurrón, bolsa, morral, saco, receptáculo
H3220#0	1) mar
H3220#1	1a) mar Mediterráneo
H3220#2	1b) mar Rojo
H3220#3	1c) mar Muerto
H3220#4	1d) mar de Galilea
H3220#5	1e) mar (en general)
H3220#6	1f) río caudaloso (Nilo)
H3220#7	1g) el mar (la gran fuente en el atrio del templo)
H3220#8	1h) hacia el mar, occidente, hacia el occidente
H3221#0	1) mar
H3222#0	1) significado incierto, quizás mulos o fuentes termales
H3223#0	Jemuel = «día de Dios»
H3223#1	1) el hijo mayor de Simeón
H3224#0	Jemima = «día tras día»
H3224#1	1) una de las hijas de Job nacidas después de la restauración
H3225#0	1) derecha, mano derecha, lado derecho
H3225#1	1a) mano derecha
H3225#2	1b) derecha (de dirección)
H3225#3	1c) sur (la dirección de la mano derecha cuando se mira al oriente)
H3226#0	Jamín = «mano derecha»
H3226#1	1) el segundo hijo de Simeón; fundador de la familia de los jaminitas
H3226#2	2) un judaíta, el segundo hijo de Ram el jerameelita
H3226#3	3) un levita que ayudó a Esdras a interpretar la Ley
H3227#0	1) derecho, a la derecha, mano derecha
H3228#0	Jaminitas = véase Jamín «la mano derecha»
H3228#1	1) los descendientes de Jamín
H3229#0	Imla = «a quien Dios llenará»
H3229#1	1) padre del profeta Micaías
H3230#0	Jamlec = «Él reinará»
H3230#1	1) un jefe de la tribu de Simeón
H3231#0	1) (Hiphil) escoger la derecha, ir a la derecha, usar la mano derecha, ser diestro
H3232#0	Imna o Imnah o Jimna = «mano derecha»
H3232#1	nombre propio masculino
H3232#2	1) el hijo primogénito de Aser
H3232#3	2) un levita, descendiente de Imna, que ayudó en las reformas de Ezequías
H3232#4	nombre patronímico
H3232#5	3) descendientes de Imna, hijo de Aser
H3233#0	1) derecha, mano derecha
H3234#0	Imna = «Él refrenará»
H3234#1	1) hijo de Helem, descendiente de Aser, y jefe de la tribu de Aser
H3235#0	1) cambiar, intercambiar
H3235#1	1a) (Hiphil) cambiar, intercambiar
H3235#2	1b) (Hithpael) entrar en, ser cambiado en
H3235#3	2) (TWOT) prometer
H3236#0	Imra = «amargura»
H3236#1	1) un descendiente de Aser de la familia de Zofa y jefe de la tribu
H3237#0	1) tocar
H3237#1	1a) (Hiphil) tocar, palpar
H3238#0	1) oprimir, reprimir, tratar con violencia, maltratar, vejar, hacer daño
H3238#1	1a) (Qal) oprimir, reprimir
H3238#2	1b) (Hiphil) tratar con violencia, maltratar
H3239#0	Janoa o Janoha = «Él reposa»
H3239#1	1) un lugar aparentemente en el norte de Galilea, en Neftalí, tomado por Tiglat-pileser en su primera incursión en Palestina
H3240#0	1) reposar
H3240#1	1a) (Qal)
H3240#2	1a1) reposar, asentarse y permanecer
H3240#3	1a2) descansar, tener reposo, estar tranquilo
H3240#4	1b) (Hiphil)
H3240#5	1b1) hacer reposar, dar reposo a, aquietar
H3240#6	1b2) hacer reposar, hacer posarse, depositar
H3240#7	1b3) poner o dejar, depositar, dejar yacer, colocar
H3240#8	1b4) dejar quedar, dejar
H3240#9	1b5) dejar, apartarse de
H3240#10	1b6) abandonar
H3240#11	1b7) permitir
H3240#12	1c) (Hophal)
H3240#13	1c1) obtener reposo, recibir reposo
H3240#14	1c2) ser dejado, ser colocado
H3240#15	1c3) espacio abierto (sustantivo)
H3241#0	Janum = «dormido»
H3241#1	1) una ciudad en las montañas de Judá, aparentemente no lejos de Hebrón
H3242#0	1) planta tierna, ramita, brote tierno
H3243#0	1) amamantar, criar, mamar
H3243#1	1a) (Qal)
H3243#2	1a1) mamar
H3243#3	1a2) lactante, niño de pecho (sustantivo)
H3243#4	1b) (Hiphil)
H3243#5	1b1) dar de mamar a, criar
H3243#6	1b2) que amamanta, nodriza, ama de cría (participio)
H3244#0	1) búho grande, búho orejudo
H3244#1	1a) un animal inmundo
H3245#0	1) fundar, fijar, establecer, echar cimientos
H3245#1	1a) (Qal) fundar, establecer, comenzar
H3245#2	1b) (Niphal)
H3245#3	1b1) fijarse o sentarse muy juntos, reunirse en consejo
H3245#4	1b2) ser fundado
H3245#5	1c) (Piel)
H3245#6	1c1) fundar
H3245#7	1c2) establecer, designar, ordenar
H3245#8	1d) (Pual) ser fundado, ser echado (cimiento)
H3245#9	1e) (Hophal) ser fundado
H3246#0	1) un comienzo, fundamento, lo que es fundado
H3247#0	1) fundamento, base
H3247#1	1a) fundamento
H3247#2	1b) base, fondo
H3248#0	1) fundamento
H3248#1	1a) fundación de una ciudad
H3249#0	1) los que se apartan, rebeldes
H3250#0	1) censor, reprensor, el que reprende
H3251#0	1) (Qal) ungir, ser derramado,
H3252#0	Isca = «la que mira»
H3252#1	1) hija de Harán, sobrina de Abraham, hermana de Lot y de Milca
H3253#0	Ismaquías = «Jehová sostiene»
H3253#1	1) un levita y supervisor de las ofrendas durante el avivamiento en tiempos del rey Ezequías
H3254#0	1) añadir, aumentar, volver a hacer
H3254#1	1a) (Qal) añadir, aumentar, volver a hacer
H3254#2	1b) (Niphal)
H3254#3	1b1) unirse, juntarse a
H3254#4	1b2) ser unido, ser añadido a
H3254#5	1c) (Hiphil)
H3254#6	1c1) hacer añadir, aumentar
H3254#7	1c2) hacer más, volver a hacer
H3255#0	1) añadir
H3255#1	1a) (Hophal) ser añadido
H3256#0	1) castigar, disciplinar, instruir, amonestar
H3256#1	1a)(Qal)
H3256#2	1a1) castigar, amonestar
H3256#3	1a2) instruir
H3256#4	1a3) disciplinar
H3256#5	1b) (Niphal) dejarse castigar o corregir o amonestar
H3256#6	1c) (Piel)
H3256#7	1c1) disciplinar, corregir
H3256#8	1c2) castigar, escarmentar
H3256#9	1d) (Hiphil) castigar
H3256#10	1e) (Nithpael) enseñar
H3257#0	1) pala
H3258#0	Jabes = «dolor»
H3258#1	nombre propio masculino
H3258#2	1) el jefe de una familia calebita
H3258#3	nombre propio de lugar
H3258#4	2) una ciudad de Judá, aparentemente cerca de Belén
H3259#0	1) fijar, señalar, reunir, encontrarse, establecer, desposar
H3259#1	1a)(Qal) señalar, asignar, designar
H3259#2	1b) (Niphal)
H3259#3	1b1) encontrarse
H3259#4	1b2) encontrarse por cita
H3259#5	1b3) juntarse, reunirse por convocatoria
H3259#6	1c) (Hiphil) hacer encontrarse
H3259#7	1d) (Hophal) ser puesto, ser colocado delante, ser fijado
H3260#0	Iddo = «designado»
H3260#1	1) el vidente que profetizó al rey Jeroboam de Israel
H3261#0	1) (Qal) barrer, barrer del todo, amontonar barriendo
H3262#0	Jeuel = «Dios barre»
H3262#1	1) hijo de Zera y hombre principal de Judá
H3263#0	Jeúz = «consejero»
H3263#1	1) jefe de una casa de Benjamín
H3264#0	1) bosque, selva, matorral, altura boscosa
H3265#0	Jair = «boscoso»
H3265#1	1) padre de Elhanán, el que mató al gigante, uno de los valientes de David
H3265#2	1a) llamado también 'Jaare-oregim'
H3266#0	Jehús o Jeús = «Él se apresura a ayudar»
H3266#1	1) hijo de Esec, descendiente lejano del rey Saúl
H3266#2	2) un levita gersonita de la casa de Simei
H3266#3	3) hijo del rey Roboam de Judá
H3267#0	1) ser fuerte, ser feroz (significado dudoso)
H3267#1	1a) (Niphal) bárbaro (participio)
H3268#0	Jaaziel = «hecho valiente por Dios»
H3268#1	1) uno de los levitas designados por David para realizar el servicio musical delante del arca
H3269#0	Jaazías = «hecho valiente por Jehová»
H3269#1	1) un levita, aparentemente el tercer hijo o un descendiente de Merari
H3270#0	Jazer o Jaazer = «ayudado»
H3270#1	1) una ciudad levítica al este del Jordán, en Galaad, en el territorio de Gad, antes ciudad amorrea; sitio incierto
H3271#0	1) (Qal) cubrir
H3272#0	1) (Ithpael) aconsejar, dar consejo, tomar consejo
H3272#1	2) (P'al) consejero (participio)
H3273#0	Jeiel o Jehiel = «Dios barre»
H3273#1	1) uno de los hijos de Adonicam que regresaron del exilio con Esdras
H3273#2	2) un jefe rubenita de la casa de Joel
H3273#3	3) un levita merarita y portero del tabernáculo que también tocaba el arpa y el salterio en el servicio delante del arca
H3273#4	4) uno de los jefes de los levitas en tiempos del rey Josías
H3273#5	5) uno de los hijos de Nebo que tomó mujer extranjera en tiempos de Esdras
H3273#6	6) un hombre de Gabaón y antepasado del rey Saúl
H3273#7	7) uno de los hijos de Hotam el aroerita y uno de los valientes de David
H3273#8	8) el escriba del rey Uzías que llevaba la cuenta de los guerreros saqueadores irregulares del rey
H3273#9	9) un levita gersonita de los hijos de Elizafán
H3273#10	10) un levita gersonita de los hijos de Asaf y antepasado de Jahaziel en tiempos del rey Josafat
H3274#0	Jeús = «el que reúne»
H3274#1	1) hijo de Esaú y de Aholibama, hija de Aná, hijo de Zibeón el heveo
H3274#2	2) un benjamita, hijo de Bilhán
H3275#0	Jacán = «problemático»
H3275#1	1) uno de los siete hombres principales de la tribu de Gad
H3276#0	1) (Hiphil) ganar, aprovechar, beneficiar, servir de algo
H3277#0	1) cabra montés
H3278#0	Jael = «cabra montés»
H3278#1	1) la esposa de Heber el ceneo, que mató al general Sísara mientras dormía clavándole una estaca en las sienes hasta la tierra
H3279#0	Jaala = «que asciende»
H3279#1	1) el jefe de una familia de los descendientes de los siervos de Salomón que regresaron del exilio con Zorobabel
H3280#0	1) cabra montés hembra
H3281#0	Jaalam = «oculto»
H3281#1	1) un edomita, descendiente de Esaú
H3282#0	conjunción
H3282#1	1) porque, por tanto, por cuanto, a causa de
H3282#2	preposición
H3282#3	2) a causa de, por motivo de
H3282#4	3) por qué (con pronombre interrogativo)
H3283#0	1) avestruz
H3283#1	1a) animal ceremonialmente inmundo
H3284#0	1) un ave inmunda
H3284#1	1a) búho, avestruz, traducido literalmente como "hijas del búho"
H3284#2	1b) quizás un ave extinta, significado exacto desconocido
H3285#0	Jaanai = «a quien Jehová responde»
H3285#1	1) un hombre principal de la tribu de Gad
H3286#0	1) estar o llegar a estar cansado, estar fatigado, desfallecer
H3286#1	1a) (Qal) estar o llegar a estar cansado, estar fatigado, desfallecer
H3286#2	1b) (Hophal) fatigado (participio)
H3287#0	1) desfallecido, cansado, fatigado
H3288#0	1) cansancio, fatiga, desfallecimiento
H3289#0	1) aconsejar, consultar, dar consejo, aconsejar, proponer, idear, planear
H3289#1	1a) (Qal)
H3289#2	1a1) aconsejar, aconsejar, dar consejo, consultar
H3289#3	1a2) consejero (participio)
H3289#4	1b) (Niphal) consultarse mutuamente, intercambiar consejo, deliberar, aconsejarse juntos
H3289#5	1c) (Hithpael) conspirar
H3290#0	Jacob = «el que toma el talón» o «suplantador»
H3290#1	1) hijo de Isaac, nieto de Abraham y padre de los 12 patriarcas de las tribus de Israel
H3291#0	Jaacoba = «hacia Jacob»
H3291#1	1) hijo de Simeón y nieto de Jacob
H3292#0	Jaacán = «que él los oprima»
H3292#1	1) un edomita
H3293#0	1) bosque, selva, matorral, altura boscosa
H3294#0	Jara = «boscoso»
H3294#1	1) un descendiente de Saúl, hijo de Micaía, bisnieto de Mefi-boset
H3295#0	1) bosque
H3295#1	1a) panal (por metonimia)
H3296#0	Jaare-oregim = «bosques del tejedor»
H3296#1	1) un hombre de Belén, padre de Elhanán, el que mató al gigante, y uno de los valientes de David; llamado también 'Jair'
H3297#0	Jearim = «bosques»
H3297#1	1) un monte en el límite norte de Judá
H3298#0	Jaresías = «a quien Jehová sustenta»
H3298#1	1) un benjamita, uno de los descendientes de Jeroham
H3299#0	Jaasai = «ellos harán»
H3299#1	1) uno de los descendientes de Bani que tomó mujer extranjera en tiempos de Esdras
H3300#0	Jasiel o Jaasiel = «Dios es hacedor»
H3300#1	1) uno de los valientes de David
H3300#2	2) un hijo de Abner y jefe de Benjamín
H3301#0	Ifdaías = «Jehová redimirá»
H3301#1	1) un descendiente de Benjamín y de la familia de Sasac
H3302#0	1) ser brillante, ser hermoso, ser bien parecido, ser bello
H3302#1	1a) (Qal) ser hermoso
H3302#2	1b) (Piel) embellecer
H3302#3	1c) (Pual) ser hermoso
H3302#4	1d) (Hithpael) embellecerse
H3303#0	1) bello, hermoso, bien parecido
H3304#0	1) bonito (reduplicación con fuerza de diminutivo)
H3304#1	1a) bello de boca (lit.)
H3304#2	2) (CLBL) muy hermoso
H3305#0	Jope o Jafo = «hermosa»
H3305#1	1) una ciudad en la costa suroeste de Palestina, en el territorio de Dan; llegó a ser el puerto principal de Jerusalén durante el reinado de Salomón
H3306#0	1) respirar, jadear, resoplar
H3306#1	1a) (Hithpael) jadear por falta de aliento
H3307#0	1) una exhalación, espiración, resoplido (sustantivo)
H3308#0	1) belleza
H3309#0	Jafía = «resplandeciente»
H3309#1	nombre propio de lugar
H3309#2	1) una ciudad en el límite de Zabulón e Isacar
H3309#3	1a) quizás la moderna 'Yafa'
H3309#4	nombre propio masculino
H3309#5	2) el rey de Laquis en tiempos de la conquista de Canaán por Josué
H3309#6	3) un hijo de David y de una concubina
H3310#0	Jaflet = «él librará»
H3310#1	1) un descendiente de Aser por medio de Bería
H3311#0	Jafleti véase Jaflet = «que él escape»
H3311#1	1) descendientes de Aser de la familia de Jaflet que vivían en el límite suroeste de Efraín. Usado como lugar
H3312#0	Jefone = «Él estará de frente»
H3312#1	1) un cenezeo y padre de Caleb, el espía de la tribu de Judá
H3312#2	2) hijo de Jeter y descendiente de Aser
H3313#0	1) brillar, resplandecer, hacer brillar, emitir rayos
H3313#1	1a) (Hiphil)
H3313#2	1a1) resplandecer, brillar, emitir rayos
H3313#3	1a2) hacer brillar
H3314#0	1) esplendor, brillo, resplandor
H3315#0	Jafet = «abierto»
H3315#1	1) el tercer hijo de Noé, cuyos descendientes, después del diluvio, se establecieron en las tierras costeras del Mediterráneo y se extendieron hacia el norte por Europa y partes de Asia
H3316#0	Jefté o Jifta = «él abre»
H3316#1	nombre propio masculino
H3316#2	1) un hijo de Galaad y de una concubina, y el juez que derrotó a los amonitas; después de la victoria, a causa de un voto hecho antes de la batalla, sacrificó a su hija en holocausto
H3316#3	nombre propio de lugar
H3316#4	2) una ciudad de Judá
H3317#0	Jefte-el = «Dios abre»
H3317#1	1) un valle entre Zabulón y Aser; ubicación incierta
H3318#0	1) salir, venir fuera, partir, ir adelante
H3318#1	1a) (Qal)
H3318#2	1a1) ir o venir fuera o adelante, partir
H3318#3	1a2) salir (hacia un lugar)
H3318#4	1a3) avanzar, dirigirse a (a o hacia algo)
H3318#5	1a4) venir o salir (con un propósito o para un resultado)
H3318#6	1a5) salir de
H3318#7	1b) (Hiphil)
H3318#8	1b1) hacer ir o salir, sacar, conducir fuera
H3318#9	1b2) sacar de
H3318#10	1b3) conducir fuera
H3318#11	1b4) librar
H3318#12	1c) (Hophal) ser sacado o llevado fuera
H3319#0	1) (Shaphel) llevar a término, terminar, concluir
H3320#0	1) poner, colocar, estar de pie, situarse o apostarse, presentarse
H3320#1	1a) (Hithpael) apostarse, tomar posición, estar de pie, presentarse, estar con alguien
H3321#0	1) (Pael) hacer estar firme, cerciorarse, obtener certeza, saber la verdad, estar seguro
H3322#0	1) poner, colocar, establecer
H3322#1	1a) (Hiphil)
H3322#2	1a1) poner, colocar
H3322#3	1a2) presentar
H3322#4	1a3) exhibir
H3322#5	1b) (Hophal) ser detenido, ser retenido, ser demorado
H3323#0	1) aceite fresco, aceite brillante (puro)
H3324#0	Izhar = «aceite brillante»
H3324#1	1) hijo de Coat, nieto de Leví, tío de Moisés y Aarón, y padre de Coré; progenitor de los izharitas
H3325#0	Izharitas = «aceite»
H3325#1	1) descendientes de Izhar, hijo de Coat y nieto de Leví
H3326#0	1) lecho, cama
H3327#0	Isaac = «él ríe»
H3327#1	1) hijo de Abraham y de Sara su esposa, y padre de Jacob y Esaú
H3328#0	Zohar = «leonado»
H3329#0	1) que sale
H3329#1	1a) descendencia (sustantivo)
H3330#0	sustantivo
H3330#1	1) la verdad
H3330#2	adverbio
H3330#3	2) ciertamente, con certeza, verdaderamente
H3330#4	adjetivo
H3330#5	3) fidedigno, verdadero, cierto, seguro
H3331#0	1) extender, tender una cama
H3331#1	1a) (Hiphil) tender, extender
H3331#2	1b) (Hophal) ser tendido, ser extendido
H3332#0	1) derramar, fluir, fundir, verter
H3332#1	1a) (Qal)
H3332#2	1a1) derramar, verter
H3332#3	1a2) fundir
H3332#4	1a3) fluir
H3332#5	1b) (Hiphil) derramar, verter
H3332#6	1c) (Hophal)
H3332#7	1c1) ser derramado
H3332#8	1c2) fundido, de fundición (participio)
H3332#9	1c3) firmemente establecido (participio)
H3333#0	1) una fundición (de metal)
H3334#0	1) atar, estar angustiado, estar en angustia, estar apretado, ser estrecho, ser escaso, estar en apuros, estrechar, causar angustia, sitiar
H3334#1	1a) (Qal) sufrir angustia
H3335#0	1) formar, dar forma, modelar
H3335#1	1a) (Qal) formar, dar forma
H3335#2	1a1) de la actividad humana
H3335#3	1a2) de la actividad divina
H3335#4	1a2a) de la creación
H3335#5	1a2a1) de la creación original
H3335#6	1a2a2) de los individuos en la concepción
H3335#7	1a2a3) de Israel como pueblo
H3335#8	1a2b) idear, predestinar, planear (fig. del propósito divino) de una situación)
H3335#9	1b) (Niphal) ser formado, ser creado
H3335#10	1c) (Pual) ser predeterminado, ser predestinado
H3335#11	1d) (Hophal) ser formado
H3336#0	1) forma, formación, propósito, estructura
H3336#1	1a) forma
H3336#2	1a1) alfarería
H3336#3	1a2) imagen tallada
H3336#4	1a3) hombre (como formado del polvo)
H3336#5	1b) propósito, imaginación, designio (estructura intelectual)
H3337#0	Jezer = «que forma»
H3337#1	1) el tercer hijo de Neftalí y fundador de la familia de los jezeritas
H3338#0	1) formas, miembros (del cuerpo)
H3339#0	Izri = «mi formador»
H3339#1	1) un director de uno de los coros levíticos del santuario
H3340#0	Jezeritas = «imaginación: forma: propósito»
H3340#1	1) descendientes de Jezer, hijo de Neftalí
H3341#0	1) encender, quemar, prender fuego
H3341#1	1a) (Qal) encender
H3341#2	1b) (Niphal)
H3341#3	1b1) ser encendido
H3341#4	1b2) quedar desolado
H3341#5	1c) (Hiphil) prender fuego, encender
H3342#0	1) lagar, tina de vino
H3343#0	Jecabseel = «Dios reúne»
H3343#1	1) la ciudad más remota de Judá; ubicada en el sur de Judá, en la frontera de Edom
H3344#0	1) arder, encender, ser encendido
H3344#1	1a) (Qal) ser encendido
H3344#2	1b) (Hophal) arder, estar ardiendo,
H3345#0	1) (P'al) arder
H3346#0	1) un incendio, un ardor
H3347#0	Jocdeam = «incendio de un pueblo»
H3347#1	1) una ciudad en las montañas del sur de Judá; aparentemente al sur de Hebrón
H3348#0	Jaqué = «irreprensible»
H3348#1	1) padre de Agur el sabio
H3349#0	1) obediencia, purificación, limpieza
H3350#0	1) un incendio, un ardor
H3351#0	1) sustancia viviente, lo que se mantiene o existe, existencia, sustancia
H3352#0	1) cazador de aves, el que pone cebo
H3353#0	1) cazador de aves, trampero, el que pone cebo
H3354#0	Jecutiel = «purificación de Dios»
H3354#1	1) un descendiente de Caleb de la tribu de Judá
H3355#0	Joctán = «pequeñez»
H3355#1	1) hijo de Heber, descendiente de Sem y patriarca de diversas tribus árabes
H3356#0	Jaquim = «Él levantará»
H3356#1	1) un benjamita y descendiente de Simei
H3356#2	2) un sacerdote levita encargado del duodécimo turno en tiempos de David
H3357#0	1) raro, muy precioso, honra, estimado
H3358#0	1) raro, noble, famoso, difícil
H3358#1	1a) honorable
H3358#2	1b) difícil (por metonimia)
H3359#0	Jecamías = «Jehová levanta»
H3359#1	1) un descendiente de Judá, hijo de Salum, en el linaje de Ahlai
H3359#2	2) un descendiente de David y uno de los siete introducidos en la línea real al extinguirse esta en la persona de Joaquín
H3360#0	Jecamán = «que el pueblo se levante»
H3360#1	1) un levita, el cuarto hijo de Hebrón y nieto de Coat, en tiempos de David
H3361#0	Jocmeam = «reunido por el pueblo»
H3361#1	1) una ciudad de refugio en Efraín dada a los levitas coatitas
H3362#0	Jocneam = «el pueblo se lamenta»
H3362#1	1) una ciudad de Canaán conquistada por Josué, en el territorio de Zabulón pero asignada a los levitas meraritas, y situada en el monte Carmelo
H3363#0	1) ser dislocado, ser enajenado
H3363#1	1a) (Qal) ser dislocado, ser arrancado, ser enajenado
H3363#2	1b) (Hiphil)
H3363#3	1b1) ejecutar lentamente (por exposición o empalamiento)
H3363#4	1b2) colgar
H3363#5	1c) (Hophal) ser ejecutado
H3364#0	1) (Qal) despertar, despertarse, activarse
H3365#0	1) estimar, ser apreciado, ser valioso, ser precioso, ser costoso, ser valorado
H3365#1	1a) (Qal)
H3365#2	1a1) ser precioso, ser muy valorado, ser estimado, ser costoso
H3365#3	1a2) ser valorado
H3365#4	1b) (Hiphil) hacer precioso algo
H3366#0	1) precio, valor, preciosidad, honra, esplendor, pompa
H3366#1	1a) preciosidad
H3366#2	1b) precio
H3366#3	1c) honra, estima
H3367#0	1) honra, estima
H3368#0	1) valioso, apreciado, de peso, precioso, raro, espléndido
H3368#1	1a) precioso
H3368#2	1a1) costoso
H3368#3	1a2) precioso, muy valorado
H3368#4	1a3) piedras preciosas o joyas
H3368#5	1b) raro
H3368#6	1c) glorioso, espléndido
H3368#7	1d) de peso, influyente
H3369#0	1) atraer con señuelo, seducir, entrampar, tender lazo o señuelo, poner una trampa
H3369#1	1a) (Qal)
H3369#2	1a1) tender lazos (fig. de las maquinaciones de los impíos)
H3369#3	1a2) cazadores de aves (participio)
H3369#4	1b) (Niphal) ser enlazado, ser atrapado con cebo
H3369#5	1c) (Pual) ser entrampado
H3370#0	Jocsán = «cazador con lazo»
H3370#1	1) un hijo de Abraham y de Cetura, y padre de Seba y Dedán
H3371#0	Jocteel = «la bienaventuranza de Dios»
H3371#1	1) una ciudad en la llanura de Judá, nombrada junto a Laquis
H3371#2	2) el nombre dado por el rey Amasías al peñasco que era la fortaleza de Edom, después de capturarlo; llamado también 'Sela' y 'Petra'
H3372#0	1) temer, reverenciar, tener miedo
H3372#1	1a) (Qal)
H3372#2	1a1) temer, tener miedo
H3372#3	1a2) estar sobrecogido ante, quedar asombrado
H3372#4	1a3) temer, reverenciar, honrar, respetar
H3372#5	1b) (Niphal)
H3372#6	1b1) ser temible, ser terrible, ser temido
H3372#7	1b2) causar asombro y temor reverente, ser tenido en reverencia
H3372#8	1b3) inspirar reverencia o temor piadoso o asombro
H3372#9	1c) (Piel) atemorizar, aterrorizar
H3372#10	2) (TWOT) disparar, derramar
H3373#0	1) que teme, reverente, temeroso
H3374#0	1) temor, terror, que teme
H3374#1	1a) temor, terror
H3374#2	1b) cosa imponente o aterradora (objeto que causa temor)
H3374#3	1c) temor (de Dios), respeto, reverencia, piedad
H3374#4	1d) reverenciado
H3375#0	Irón = «temeroso»
H3375#1	1) una ciudad de Neftalí; sitio desconocido
H3376#0	Irías = «Jehová me ve»
H3376#1	1) hijo de Selemías, un capitán de la guardia que arrestó a Jeremías
H3377#0	Jareb = «contendiente»
H3377#1	1) un epíteto dado al rey de Asiria
H3378#0	Jerobaal = «contienda Baal»
H3378#1	1) nombre dado a Gedeón por su padre cuando destruyó el altar de Baal
H3379#0	Jeroboam = «el pueblo contenderá»
H3379#1	1) el primer rey del reino del norte de Israel cuando el reino se dividió a la muerte de Salomón y las 10 tribus se separaron de Judá y Benjamín y del reino bajo Roboam, hijo de Salomón; la idolatría fue introducida al comienzo de su reinado
H3379#2	2) el octavo rey del reino del norte de Israel, hijo de Joás, y cuarto de la dinastía de Jehú; durante su reinado los invasores sirios fueron rechazados y el reino restaurado a sus antiguas fronteras, pero se mantuvo la idolatría del reino
H3380#0	Jeroboset = «la vergüenza contenderá»
H3380#1	1) una variante del nombre Jerobaal (el otro nombre de Gedeón [ H03378]) que sustituye el nombre del dios pagano 'Baal' por la palabra 'vergüenza'
H3381#0	1) bajar, descender, declinar, marchar hacia abajo, hundirse
H3381#1	1a) (Qal)
H3381#2	1a1) ir o venir abajo
H3381#3	1a2) hundirse
H3381#4	1a3) ser postrado
H3381#5	1a4) descender (de la revelación)
H3381#6	1b) (Hiphil)
H3381#7	1b1) hacer bajar
H3381#8	1b2) enviar abajo
H3381#9	1b3) bajar, descolgar
H3381#10	1b4) postrar
H3381#11	1b5) dejar caer, descolgar
H3381#12	1c) (Hophal)
H3381#13	1c1) ser bajado
H3381#14	1c2) ser descolgado
H3382#0	Jered o Jared = «descenso»
H3382#1	1) hijo de Mahalaleel y padre de Enoc, en la cuarta generación desde Set
H3382#2	2) un descendiente de Judá y padre de Gedor
H3383#0	Jordán = «el que desciende»
H3383#1	1) el río de Palestina que corre desde las raíces del Antilíbano hasta el mar Muerto, una distancia de aprox. 200 millas (320 km)
H3384#0	1) arrojar, disparar, lanzar, derramar
H3384#1	1a) (Qal)
H3384#2	1a1) arrojar, lanzar
H3384#3	1a2) echar, poner, colocar
H3384#4	1a3) disparar flechas
H3384#5	1a4) echar agua, llover
H3384#6	1b) (Niphal) ser alcanzado (por flecha)
H3384#7	1c) (Hiphil)
H3384#8	1c1) arrojar, lanzar
H3384#9	1c2) disparar
H3384#10	1c3) señalar, mostrar
H3384#11	1c4) dirigir, enseñar, instruir
H3384#12	1c5) echar agua, llover
H3385#0	Jeruel = «enseñado por Dios»
H3385#1	1) un lugar en el desierto del sur de Judá
H3386#0	Jaroa = «luna nueva»
H3386#1	1) un hombre principal de la tribu de Gad
H3387#0	1) verdura, plantas verdes, cosa verde
H3388#0	Jerusa = «desposeedora»
H3388#1	1) la esposa del rey Uzías y madre del rey Jotam de Judá
H3389#0	Jerusalén = «enseñanza de paz»
H3389#1	1) la ciudad principal de Palestina y capital del reino unido y de la nación de Judá después de la división
H3390#0	Jerusalén = «enseñanza de paz»
H3390#1	1) la ciudad principal de Palestina y capital del reino unido y de la nación de Judá después de la división
H3391#0	1) mes (ciclo lunar), luna
H3391#1	1a) mes
H3391#2	1b) mes del calendario
H3392#0	Jera = «luna nueva»
H3392#1	1) un cuarto hijo de Joctán y progenitor de una tribu árabe
H3393#0	1) mes
H3394#0	1) luna
H3395#0	Jeroham = «que muestra compasión»
H3395#1	1) padre de Elcana y abuelo de Samuel, de la casa de Coat
H3395#2	2) un benjamita y fundador de una familia de benjamitas
H3395#3	3) padre o progenitor de Ibneías y benjamita; tal vez el mismo que el 2
H3395#4	4) un descendiente de Aarón y sacerdote de la familia de Imer; hijo de Pasur y padre de Adaía
H3395#5	5) otro sacerdote; tal vez el mismo que el 4
H3395#6	6) un habitante de Gedor y padre de uno de los valientes de David
H3395#7	7) un danita cuyo hijo o descendiente Azareel era jefe de la tribu en tiempos de David
H3395#8	8) padre de Azarías, uno de los capitanes con Joiada en tiempos de Atalía
H3396#0	Jerameel = «que Dios tenga compasión»
H3396#1	1) el primer hijo de Hezrón, nieto de Fares y bisnieto de Judá, y fundador de la familia de los jerameelitas
H3396#2	2) oficial enviado por el rey Joacim de Judá para arrestar a Baruc
H3396#3	3) un levita merarita, representante de la familia de Cis, hijo de Mahli
H3397#0	Jerameelitas = véase Jerameel «que Dios tenga compasión»
H3397#1	1) los descendientes de Jerameel, bisnieto de Judá
H3398#0	Jarha = «el mes de barrer»
H3398#1	1) el esclavo egipcio de Sesán, por el tiempo de Elí, a quien su amo dio por esposa a su hija o heredera
H3399#0	1) precipitar, precipitarse, empujar de cabeza, conducir temerariamente
H3399#1	1a) (Qal) precipitar, exprimir, precipitarse
H3400#0	Jeriel = «enseñado por Dios»
H3400#1	1) uno de los 6 jefes de la casa de Tola, de la tribu de Isacar
H3401#0	1) contendiente, oponente, adversario
H3402#0	Jarib = «él contiende»
H3402#1	1) un hijo de Simeón
H3402#2	2) uno de los hombres principales de Israel que regresaron del exilio con Esdras
H3402#3	3) hijo de Josadac y sacerdote de la casa de Jesúa que se casó con una mujer extranjera y fue obligado por Esdras a despedirla
H3403#0	Jerebai = «mis contiendas»
H3403#1	1) un descendiente de Elnaam y uno de los valientes de David
H3404#0	Jerías = « enseñado por Jehová»
H3404#1	1) un levita coatita y jefe de la casa de Hebrón cuando David organizó el servicio
H3405#0	Jericó = «su luna»
H3405#1	1) una ciudad a 5 millas (8 km) al oeste del Jordán y 7 millas (11,5 km) al norte del mar Muerto, y la primera ciudad conquistada por los israelitas al entrar en la tierra prometida de Canaán
H3406#0	Jerimot o Jeremot = «Él es Altísimo»
H3406#1	1) un benjamita, hijo de Bela y jefe de una casa benjamita
H3406#2	2) un benjamita, hijo de Bequer y jefe de una casa benjamita
H3406#3	3) un benjamita, hijo de Bería y nieto de Elpaal
H3406#4	4) un levita merarita, hijo de Musi
H3406#5	5) uno de los hombres que se unieron a David en el desierto
H3406#6	6) un levita, hijo de Hemán y jefe del decimoquinto turno de músicos
H3406#7	7) un levita en el reinado de Ezequías
H3406#8	8) un hijo de Azriel, jefe de la tribu de Neftalí en el reinado de David
H3406#9	9) un hijo del rey David y padre de la esposa de Roboam
H3406#10	10) un hijo de Elam, un hombre con mujer extranjera en tiempos de Esdras
H3406#11	11) un hijo de Zatu, un hombre con mujer extranjera en tiempos de Esdras
H3407#0	1) cortina, colgadura
H3408#0	Jeriot = «cortinas»
H3408#1	1) la esposa o concubina de Caleb, hijo de Hezrón, de los descendientes de Judá
H3409#0	1) muslo, costado, lomo, base
H3409#1	1a) muslo
H3409#2	1a1) parte exterior del muslo (donde se ceñía la espada)
H3409#3	1a2) lomos (como sede del poder procreador)
H3409#4	1b) lado (flanco) (de un objeto)
H3409#5	1c) base
H3410#0	1) muslo, lomo, flanco, costado, rincón
H3411#0	1) flanco, costado, partes extremas, rincones
H3411#1	1a) costado
H3411#2	1b) costados, rincones (dual)
H3412#0	Jarmut = «alturas»
H3412#1	1) una ciudad cananea en la llanura de Judá, con rey, situada entre Hebrón y Laquis
H3412#2	2) una ciudad levítica de Isacar asignada a los levitas gersonitas
H3413#0	Jeremai = «mis exaltaciones»
H3413#1	1) un descendiente de Hasum que tomó mujer extranjera en tiempos de Esdras y fue obligado a despedirla
H3414#0	Jeremías = «a quien Jehová ha designado»
H3414#1	1) el profeta mayor, hijo de Hilcías, de la familia sacerdotal de Anatot; autor del libro profético que lleva su nombre
H3414#2	2) un hombre de Libna y padre de Hamutal, la esposa del rey Josías
H3414#3	3) un gadita que se unió a David en Siclag
H3414#4	4) un manasita, uno de los hombres valientes y esforzados de la media tribu de Manasés al otro lado del Jordán
H3414#5	5) un gadita y guerrero de David
H3414#6	6) un guerrero de David
H3414#7	7) un sacerdote que se unió a Nehemías en la ceremonia del pacto
H3414#8	8) un sacerdote también en tiempos de Nehemías; tal vez el mismo que el 7
H3414#9	9) padre de Jaazanías el recabita
H3415#0	1) (Qal) temblar, estremecerse
H3416#0	Irpeel = «Dios sanará»
H3416#1	1) una ciudad de Benjamín; sitio desconocido
H3417#0	1) (Qal) escupir
H3418#0	1) verde, verdor, plantas verdes, vegetación
H3419#0	1) hierbas, herbaje, legumbres, hortalizas
H3420#0	1) añublo, palidez, lividez
H3420#1	1a) añublo, tizón
H3420#2	1b) palidez
H3421#0	Jorcoam = «el pueblo vacía»
H3421#1	1) un descendiente calebita de Judá
H3422#0	1) verdoso, verde pálido, amarillo verdoso
H3423#0	1) apoderarse, desposeer, tomar posesión de, heredar, desheredar, ocupar, empobrecer, ser heredero
H3423#1	1a) (Qal)
H3423#2	1a1) tomar posesión de
H3423#3	1a2) heredar
H3423#4	1a3) empobrecer, venir a pobreza, ser pobre
H3423#5	1b) (Niphal) ser desposeído, ser empobrecido, venir a pobreza
H3423#6	1c) (Piel) devorar
H3423#7	1d) (Hiphil)
H3423#8	1d1) hacer poseer o heredar
H3423#9	1d2) hacer que otros posean o hereden
H3423#10	1d3) empobrecer
H3423#11	1d4) desposeer
H3423#12	1d5) destruir, arruinar, desheredar
H3424#0	1) posesión, propiedad
H3425#0	1) posesión, herencia
H3426#0	1) ser, existencia, sustancia, hay
H3426#1	1a) sustancia
H3426#2	1b) existencia
H3426#3	1c) hay
H3427#0	1) habitar, permanecer, sentarse, morar
H3427#1	1a) (Qal)
H3427#2	1a1) sentarse, tomar asiento
H3427#3	1a2) estar asentado
H3427#4	1a3) permanecer, quedarse
H3427#5	1a4) habitar, tener su morada
H3427#6	1b) (Niphal) ser habitado
H3427#7	1c) (Piel) poner, colocar
H3427#8	1d) (Hiphil)
H3427#9	1d1) hacer sentar
H3427#10	1d2) hacer permanecer, establecer
H3427#11	1d3) hacer habitar
H3427#12	1d4) hacer que (las ciudades) sean habitadas
H3427#13	1d5) casarse (dar morada a)
H3427#14	1e) (Hophal)
H3427#15	1e1) ser habitado
H3427#16	1e2) hacer habitar
H3428#0	Jesebeab = «morada del padre»
H3428#1	1) un levita, jefe del decimocuarto turno de los sacerdotes
H3429#0	Joseb-basebet = «que mora en reposo»
H3429#1	1) uno de los valientes de David
H3430#0	Isbi-benob = «su morada está en Nob»
H3430#1	1) hijo de Rafa, uno de la nación de los gigantes filisteos, que atacó a David en batalla y fue muerto por Abisai
H3431#0	Isba = «él alabará»
H3431#1	1) padre de Estemoa y descendiente de Judá
H3432#0	Jasubitas = véase Jasub «él volverá»
H3432#1	1) descendientes de Jasub, de la tribu de Isacar
H3433#0	Jasubi-lehem = «el que devuelve pan»
H3433#1	1) un descendiente de Sela, hijo de Judá y de Bat-súa la cananea
H3434#0	Jasobeam = «el pueblo volverá»
H3434#1	1) un hacmonita, el jefe de los 30 valientes de David; se unió a David en Siclag y era conocido sobre todo como el hombre que mató a 800 o 300 hombres de una vez; llamado también 'Adino el eznita'
H3434#2	2) un coreíta, otro de los valientes de David; ¿el mismo que el 1?
H3435#0	Isbac = «él suelta»
H3435#1	1) un hijo de Abraham y de Cetura, y progenitor de una tribu árabe
H3436#0	Josbecasa = «asentado en dureza»
H3436#1	1) hijo de Hemán y jefe del decimoséptimo turno de músicos
H3437#0	Jasub = «él volverá»
H3437#1	1) el tercer hijo de Isacar y fundador de la familia de los jasubitas
H3437#2	2) uno de los hijos de Bani que tuvo que despedir a una mujer extranjera en tiempos de Esdras
H3438#0	Isúa = «él se parecerá»
H3438#1	1) el segundo hijo de Aser
H3439#0	Jesohaía = «Jehová humilla»
H3439#1	1) un descendiente de Simei y jefe de los simeonitas
H3440#0	Isúi o Isúa o Isvi o Jesúi = «él se parece a mí»
H3440#1	1) el segundo hijo de Saúl y de su esposa Ahinoam
H3440#2	2) el tercer hijo de Aser y fundador de la familia de los isuitas
H3441#0	Jesuitas = véase Jesúi «él me justificará»
H3441#1	1) los descendientes de Jesúi ( H03440-2)
H3442#0	Jesúa = «él es salvo»
H3442#1	nombre propio masculino
H3442#2	1) hijo de Nun, de la tribu de Efraín, y sucesor de Moisés como caudillo de los hijos de Israel; dirigió la conquista de Canaán
H3442#3	2) hijo de Josadac y sumo sacerdote después de la restauración
H3442#4	3) un sacerdote en tiempos de David que tenía a su cargo el noveno turno
H3442#5	4) un levita en el reinado de Ezequías
H3442#6	5) jefe de una casa levítica que regresó del cautiverio en Babilonia
H3442#7	6) padre de un constructor del muro de Jerusalén en tiempos de Nehemías
H3442#8	nombre propio de lugar
H3442#9	7) una ciudad del sur de Judá habitada de nuevo por el pueblo de Judá después del regreso del cautiverio
H3443#0	Jesúa = «él es salvo»
H3443#1	1) un sacerdote del exilio que regresó con Zorobabel
H3444#0	1) salvación, liberación
H3444#1	1a) bienestar, prosperidad
H3444#2	1b) liberación
H3444#3	1c) salvación (por Dios)
H3444#4	1d) victoria
H3445#0	1) una sensación de hundimiento, vacío
H3446#0	Isaac = «él ríe»
H3446#1	1) hijo de Abraham y de Sara su esposa, y padre de Jacob y Esaú
H3447#0	1) (Hiphil) extender, tender
H3448#0	Isaí = «yo poseo»
H3448#1	1) hijo de Booz y padre del rey David
H3449#0	Isías o Isaías o Jesías = «Jehová prestará»
H3449#1	1) un coreíta, uno de los valientes de David que se le unieron en Siclag
H3449#2	2) el quinto de los 5 hijos de Izrahías y uno de los jefes de la tribu de Isacar en tiempos de David
H3449#3	3) un levita, el segundo hijo de Uziel y nieto de Coat
H3449#4	4) otro levita, hijo de Rehabías
H3449#5	5) un descendiente de Harim que tenía mujer extranjera
H3450#0	Jesimiel = «Dios pondrá»
H3450#1	1) un jefe simeonita de la familia de Simei
H3451#0	1) desolación
H3452#0	1) yermo, desierto, soledad, lugar desolado
H3453#0	1) anciano, hombre viejo, persona de edad
H3454#0	Jesisai = «mi anciano»
H3454#1	1) un gadita de Galaad
H3455#0	1) poner, colocar, establecer, designar, hacer
H3455#1	1a) (Qal) poner, colocar
H3456#0	1) (Qal) arruinar, estar desolado
H3457#0	Isma = «desolación»
H3457#1	1) un judaíta descendiente de Hur
H3458#0	Ismael = «Dios oirá»
H3458#1	1) hijo de Abraham y de Agar, la sierva de Sara, y progenitor de los pueblos árabes
H3458#2	2) hijo de Netanías y asesino de Gedalías
H3458#3	3) un benjamita, uno de los hijos de Azel, descendiente de Saúl por medio de Merib-baal o Mefi-boset
H3458#4	4) un judaíta, padre de Zebadías
H3458#5	5) un judaíta, hijo de Johanán y uno de los capitanes que ayudaron a Joiada a restituir a Joás en el trono
H3458#6	6) un sacerdote de la familia de Pasur con mujer extranjera, a quien Esdras obligó a despedirla
H3459#0	Ismaelita = véase Ismael «Dios oirá»
H3459#1	1) un descendiente de Ismael
H3460#0	Ismaías = «Jehová oirá»
H3460#1	1) un gabaonita y uno de los valientes de David
H3460#2	2) un hijo de Abdías y jefe de la tribu de Zabulón en tiempos del rey David
H3461#0	Ismerai = «Él me guarda»
H3461#1	1) un benjamita de la familia de Elpaal
H3462#0	1) dormir, estar dormido
H3462#1	1a) (Qal) dormir, dormirse, estar dormido
H3462#2	1b) (Niphal)
H3462#3	1b1) permanecer largo tiempo, estar almacenado
H3462#4	1b2) estar supurando (de la lepra)
H3462#5	1c) (Piel) hacer dormir, inducir al sueño
H3463#0	1) que duerme
H3464#0	Jasén = «que duerme»
H3464#1	1) el padre de uno o más de los valientes de David
H3465#0	1) viejo, provisión, almacenamiento
H3466#0	Jesana = «almacenamiento»
H3466#1	1) una ciudad en la frontera sur del reino del norte, cerca de Betel
H3467#0	1) salvar, ser salvo, ser librado
H3467#1	1a) (Niphal)
H3467#2	1a1) ser liberado, ser salvo, ser librado
H3467#3	1a2) ser salvo (en batalla), salir victorioso
H3467#4	1b) (Hiphil)
H3467#5	1b1) salvar, librar
H3467#6	1b2) salvar de aflicciones morales
H3467#7	1b3) dar la victoria a
H3468#0	1) liberación, salvación, rescate, seguridad, bienestar
H3468#1	1a) seguridad, bienestar, prosperidad
H3468#2	1b) salvación
H3468#3	1c) victoria
H3469#0	Isi = «Él me salva»
H3469#1	1) hijo de Apaim, del linaje de Jerameel, de la casa de Hezrón
H3469#2	2) un jefe de Manasés y cabeza de una familia al este del Jordán
H3469#3	3) un jefe de Judá, padre de Zohet
H3469#4	4) un jefe de Simeón y cabeza de una familia
H3470#0	Isaías o Jesaías o Jesahías = «Jehová ha salvado»
H3470#1	1) el profeta mayor, hijo de Amoz, que profetizó acerca de Judá y Jerusalén durante los días de los reyes Uzías, Jotam, Acaz y Ezequías de Judá; autor del libro profético que lleva su nombre; según la tradición fue aserrado por la mitad dentro del tronco de un algarrobo por el rey Manasés, y este sería el incidente al que se refiere Heb 11:37
H3470#2	2) hijo de Hananías, hermano de Pelatías y nieto de Zorobabel
H3470#3	3) un benjamita
H3470#4	4) uno de los 6 hijos de Jedutún
H3470#5	5) hijo de Rehabías, descendiente de Moisés por medio de Gersón, y antepasado de un tesorero levita en tiempos de David
H3470#6	6) hijo de Atalías y jefe de la casa de Elam, que regresó con Esdras
H3470#7	7) un jefe de los descendientes de Merari que regresó con Esdras
H3471#0	1) jaspe (una piedra preciosa)
H3472#0	Ispa = «Él está desnudo»
H3472#1	1) un benjamita de la familia de Bería y uno de los jefes de su tribu
H3473#0	Ispán = «él esconde»
H3473#1	1) un benjamita de la familia de Sasac
H3474#0	1) ser recto, ser derecho, estar nivelado, ser íntegro, ser justo, ser lícito, ser llano
H3474#1	1a) (Qal)
H3474#2	1a1) ir derecho
H3474#3	1a2) ser agradable, ser grato, ser recto (fig.)
H3474#4	1a3) ser franco, ser íntegro
H3474#5	1b) (Piel)
H3474#6	1b1) enderezar, allanar, hacer derecho
H3474#7	1b2) guiar, dirigir, conducir derecho
H3474#8	1b3) estimar recto, aprobar
H3474#9	1c) (Pual) ser nivelado, ser extendido con lisura
H3474#10	1d) (Hiphil) enderezar, mirar derecho
H3475#0	Jeser = «recto»
H3475#1	1) uno de los hijos de Caleb y nieto de Hezrón por su esposa Azuba
H3476#0	1) rectitud, integridad
H3476#1	1a) rectitud, uniformidad (implicaciones morales)
H3476#2	1b) rectitud, integridad
H3476#3	1c) lo que es recto, lo debido
H3477#0	1) recto, íntegro, correcto, justo
H3477#1	1a) recto, llano
H3477#2	1b) justo, agradable, correcto
H3477#3	1c) franco, justo, íntegro, conveniente, apropiado
H3477#4	1d) rectitud, justo, recto
H3477#5	1e) lo que es recto (sustantivo)
H3478#0	Israel = «Dios prevalece»
H3478#1	1) el segundo nombre de Jacob, dado a él por Dios después de su lucha con el ángel en Peniel
H3478#2	2) el nombre de los descendientes y de la nación de los descendientes de Jacob
H3478#3	2a) el nombre de la nación hasta la muerte de Salomón y la división
H3478#4	2b) el nombre usado y dado al reino del norte, formado por las 10 tribus bajo Jeroboam; el reino del sur era conocido como Judá
H3478#5	2c) el nombre de la nación después del regreso del exilio
H3479#0	Israel = «Dios prevalece»
H3479#1	1) el segundo nombre de Jacob, dado a él por Dios después de su lucha con el ángel en Peniel
H3479#2	2) el nombre de los descendientes y de la nación de los descendientes de Jacob
H3479#3	2a) el nombre de la nación hasta la muerte de Salomón y la división
H3479#4	2b) el nombre usado y dado al reino del norte, formado por las 10 tribus bajo Jeroboam; el reino del sur era conocido como Judá
H3479#5	2c) el nombre de la nación después del regreso del exilio
H3480#0	Asarela = «estos son rectos»
H3480#1	1) un levita, hijo de Asaf y jefe del séptimo turno de los músicos
H3481#0	Israelita = véase Israel «Dios prevalece»
H3481#1	1) un descendiente o habitante de la nación de Israel
H3482#0	Israelita (fem.) = véase Israel «Dios prevalece»
H3482#1	1) una descendiente o habitante de la nación de Israel
H3483#0	1) rectitud
H3484#0	Jesurún = «el recto»
H3484#1	1) un nombre simbólico de Israel que describe su carácter ideal
H3485#0	Isacar = «hay recompensa»
H3485#1	nombre propio masculino
H3485#2	1) el noveno hijo de Jacob y el quinto de Lea, su primera esposa, y progenitor de una tribu que lleva su nombre
H3485#3	2) un levita coreíta, el séptimo hijo de Obed-edom y portero del templo
H3485#4	nombre propio colectivo
H3485#5	3) la tribu descendiente de Isacar, hijo de Jacob
H3485#6	nombre propio de lugar
H3485#7	4) el territorio asignado a los descendientes de Isacar cuando entraron en la tierra de Canaán
H3486#0	1) anciano, decrépito, débil
H3487#0	1) (marca del complemento directo o del acusativo; no se traduce)
H3488#0	1) sentarse, habitar
H3488#1	1a) (P'al) sentarse, estar sentado
H3488#2	1b) (Aphel) hacer habitar
H3489#0	1) clavija, estaca, estaquilla, clavo
H3489#1	1a) clavija, estaquilla, clavija de tienda, estaca de tienda
H3489#2	1b) clavo, clavija (fig.)
H3489#3	1c) clavija (usada en el tejido)
H3490#0	1) un huérfano, sin padre
H3491#0	1) quedar de sobra, dejar, recorrer
H3491#1	2) (BDB) una búsqueda (sustantivo masculino)
H3492#0	Jatir = «abundancia»
H3492#1	1) una ciudad en las montañas de Judá
H3493#0	adjetivo
H3493#1	1) preeminente, superior, extremo, extraordinario
H3493#2	adverbio
H3493#3	2) sobremanera, en extremo
H3494#0	Jetla = «él cuelga»
H3494#1	1) una de las ciudades del sur de Dan
H3495#0	Itma = «huérfano»
H3495#1	1) un moabita, uno de los valientes de David
H3496#0	Jatniel = «Dios me contrata»
H3496#1	1) un levita coreíta y el cuarto de la familia de Meselemías
H3497#0	Itnán = «salario»
H3497#1	1) una de las ciudades del extremo sur de Judá; sitio desconocido
H3498#0	1) quedar de sobra, quedar, sobrar, dejar
H3498#1	1a) (Qal) resto (participio)
H3498#2	1b) (Niphal) quedar de sobra, sobrar, quedar atrás
H3498#3	1c) (Hiphil)
H3498#4	1c1) dejar de sobra, dejar
H3498#5	1c2) reservar, preservar con vida
H3498#6	1c3) sobresalir, mostrar preeminencia
H3498#7	1c4) mostrar exceso, tener más que suficiente, tener de sobra
H3499#0	1) resto, exceso, lo demás, remanente, excelencia
H3499#1	1a) resto, remanente
H3499#2	1b) resto, lo demás, otra parte
H3499#3	1c) exceso
H3499#4	1d) abundantemente (adverbio)
H3499#5	1e) abundancia, opulencia
H3499#6	1f) superioridad, excelencia
H3500#0	Jeter = «abundancia»
H3500#1	1) suegro de Moisés
H3500#2	2) hijo mayor de Gedeón
H3500#3	3) padre de Jefone y jefe de un linaje de guerreros del linaje de Aser
H3500#4	4) padre de Amasa, el comandante del ejército de Absalón
H3500#5	5) hijo de Jada, descendiente de Hezrón, de la tribu de Judá
H3500#6	6) un hijo de Esdras, un judaíta
H3501#0	Itra = «abundancia»
H3501#1	1) padre de Amasa, el comandante del ejército de Absalón; también 'Jeter'
H3502#0	1) abundancia, riquezas, bienes
H3503#0	Jetro = «su abundancia»
H3503#1	1) suegro de Moisés; también 'Jeter'
H3504#0	1) ventaja, provecho, excelencia
H3505#0	Itrita = «un remanente: excelencia»
H3505#1	1) un descendiente de Jeter
H3506#0	Itrán = «ventaja»
H3506#1	1) un edomita, hijo de Disón, horeo, y probablemente filarca de una tribu de los horeos
H3506#2	2) un descendiente de Aser
H3507#0	Itream = «provecho del pueblo»
H3507#1	1) un hijo de David y de su esposa Egla; el sexto hijo, nacido en Hebrón
H3508#0	1) apéndice, saliente, protuberancia, el lóbulo caudado del hígado de un animal sacrificado
H3509#0	Jetet = «un clavo»
H3509#1	1) uno de los jefes de Edom que descendían de Esaú
H3510#0	1) tener dolor, estar dolorido, sentir dolor, estar afligido
H3510#1	1a) (Qal)
H3510#2	1a1) tener dolor (físico)
H3510#3	1a2) tener dolor (mental)
H3510#4	1b) (Hiphil)
H3510#5	1b1) causar dolor, herir, estropear
H3510#6	1b2) dolor, estropear (participio)
H3511#0	1) dolor (mental y físico), tristeza
H3512#0	1) estar triste, estar desanimado, estar acobardado
H3512#1	1a) (Niphal) estar desanimado, estar acobardado
H3512#2	1b) (Hiphil) entristecer
H3513#0	1) ser pesado, tener peso, ser penoso, ser duro, ser rico, ser honorable, ser glorioso, ser gravoso, ser honrado
H3513#1	1a) (Qal)
H3513#2	1a1) ser pesado
H3513#3	1a2) ser pesado, ser insensible, ser torpe
H3513#4	1a3) ser honrado
H3513#5	1b) (Niphal)
H3513#6	1b1) ser hecho pesado, ser honrado, gozar de honra, ser hecho abundante
H3513#7	1b2) obtener gloria u honra para sí, ganar gloria
H3513#8	1c) (Piel)
H3513#9	1c1) hacer pesado, embotar, hacer insensible
H3513#10	1c2) hacer honorable, honrar, glorificar
H3513#11	1d) (Pual) ser hecho honorable, ser honrado
H3513#12	1e) (Hiphil)
H3513#13	1e1) hacer pesado
H3513#14	1e2) hacer pesado, embotar, hacer insensible
H3513#15	1e3) hacer que sea honrado
H3513#16	1f) (Hithpael)
H3513#17	1f1) hacerse pesado, hacerse denso, hacerse numeroso
H3513#18	1f2) honrarse a sí mismo
H3514#0	1) peso, pesadez, masa, grande
H3514#1	1a) pesadez, peso
H3514#2	1b) masa, abundancia
H3514#3	1c) vehemencia, pesadez
H3515#0	1) pesado, grande
H3515#1	1a) pesado
H3515#2	1b) masivo, abundante, numeroso
H3515#3	1c) pesado, torpe
H3515#4	1d) duro, difícil, gravoso
H3515#5	1e) muy opresivo, numeroso, rico
H3516#0	1) el hígado
H3516#1	1a) el hígado (como el órgano más pesado)
H3517#0	1) pesadez, dificultad
H3518#0	1) apagar, extinguir, ser apagado, apagarse, ser extinguido
H3518#1	1a) (Qal) apagarse, extinguirse
H3518#2	1b) (Piel) apagar, extinguir
H3519#0	1) gloria, honra, glorioso, abundancia
H3519#1	1a) abundancia, riquezas
H3519#2	1b) honra, esplendor, gloria
H3519#3	1c) honra, dignidad
H3519#4	1d) honra, reputación
H3519#5	1e) honra, reverencia, gloria
H3519#6	1f) gloria
H3520#0	1) abundancia, riquezas, bienes
H3520#1	2) gloria, glorioso
H3521#0	Cabul = «que ata»
H3521#1	1) una ciudad en la frontera de Aser, situada aprox. 10 millas (16 km) al este de Aco; la moderna 'Kabul'
H3521#2	2) un distrito de Galilea dado por Salomón a Hiram y llamado despectivamente 'Cabul' por Hiram
H3522#0	Cabón = «el constructor»
H3522#1	1) una ciudad en la llanura de Judá
H3523#0	1) (algo) tejido en red, una colcha, mosquitero, almohada
H3524#0	1) poderoso, grande, potente, muchos, mucho
H3525#0	1) atadura(s), grillo(s)
H3526#0	1) lavar (pisoteando), ser lavado, hacer el trabajo de batanero
H3526#1	1a) (Qal) lavador, batanero, el que pisa (participio)
H3526#2	1b) (Piel) lavar (vestidos, persona)
H3526#3	1c) (Pual) ser lavado
H3526#4	1d) (Hothpael) ser lavado del todo
H3527#0	1) ser mucho, ser muchos, abundar, entrelazar, multiplicar
H3527#1	1a) (Hiphil) multiplicar, engrandecer
H3528#0	1) ya, hace mucho, largo tiempo
H3529#0	Quebar = «lejano»
H3529#1	1) un río babilónico junto al cual se establecieron muchos exiliados israelitas; tal vez el 'Habor' o el 'Canal Real' de Nabucodonosor
H3530#0	1) distancia (de longitud indeterminada)
H3531#0	1) criba, cedazo
H3532#0	1) cordero, oveja, carnero joven
H3533#0	1) sujetar, sojuzgar, forzar, mantener sometido, reducir a servidumbre
H3533#1	1a) (Qal)
H3533#2	1a1) reducir a servidumbre, hacer servil
H3533#3	1a2) sojuzgar, forzar, violar
H3533#4	1a3) sojuzgar, dominar, hollar
H3533#5	1b) (Niphal) ser sojuzgado
H3533#6	1c) (Piel) sojuzgar
H3533#7	1d) (Hiphil) reducir a servidumbre
H3534#0	1) estrado, escabel
H3535#0	1) cordera, corderita
H3536#0	1) horno (de alfarería o de cal), fragua de fundición, horno
H3537#0	1) cántaro, cántaro grande (portátil)
H3538#0	1) falso, mentiroso
H3539#0	1) una piedra preciosa (quizá rubí, ágata)
H3540#0	Chedorlaomer = «puñado de gavillas»
H3540#1	1) el rey de Elam derrotado por Abraham
H3541#0	1) así, aquí, de esta manera
H3541#1	1a) así, de este modo
H3541#2	1b) aquí, aquí y allá
H3541#3	1c) hasta ahora, hasta ahora...hasta entonces, entretanto
H3542#0	1) aquí, hasta aquí, así
H3543#0	1) debilitarse, oscurecerse, desfallecer, vacilar, estar débil, estar oscuro, ser oscurecido, ser refrenado, estar desfallecido, fallar
H3543#1	1a) (Qal) oscurecerse, desfallecer
H3543#2	1b) (Piel) desmayar, debilitarse, desfallecer
H3544#0	1) oscuro, apagado, descolorido, estar oscuro, débil
H3545#0	1) un apagamiento, amortiguamiento, disminución, sanidad, alivio
H3546#0	1) poder, ser capaz
H3546#1	1a) (P'al) poder, ser capaz
H3547#0	1) actuar como sacerdote, ministrar en el oficio de sacerdote
H3547#1	1a) (Piel)
H3547#2	1a1) ministrar como sacerdote, servir como sacerdote
H3547#3	1a2) ser o llegar a ser sacerdote
H3547#4	1a3) hacer de sacerdote
H3548#0	1) sacerdote, oficial principal o gobernante principal
H3548#1	1a) sacerdote-rey (Melquisedec, Mesías)
H3548#2	1b) sacerdotes paganos
H3548#3	1c) sacerdotes de Jehová
H3548#4	1d) sacerdotes levitas
H3548#5	1e) sacerdotes sadoquitas
H3548#6	1f) sacerdotes aarónicos
H3548#7	1g) el sumo sacerdote
H3549#0	1) sacerdote
H3550#0	1) sacerdocio
H3551#0	1) ventana
H3552#0	1) el nombre de un pueblo aliado con Nabucodonosor y probablemente situado en el norte de África; quizá el mismo que 'Libia' o 'Lub'
H3553#0	1) yelmo
H3554#0	1) quemar, chamuscar, marcar a fuego
H3554#1	1a) (Niphal) ser quemado, ser chamuscado
H3555#0	1) quemadura, marca a fuego, cicatriz de marca, quemadura
H3556#0	1) estrella
H3556#1	1a) del Mesías, hermanos, juventud, descendencia numerosa, personificación, omnisciencia de Dios (fig.)
H3557#0	1) asir, contener, medir
H3557#1	1a)(Qal) medir, calcular
H3557#2	1b) (Pilpel) sustentar, mantener, contener
H3557#3	1b1) sustentar, sostener, alimentar
H3557#4	1b2) contener, retener, refrenar
H3557#5	1b3) sostener, soportar
H3557#6	1c) (Polpal) ser abastecido
H3557#7	1d) (Hilpil) contener, sostener, retener, soportar
H3557#8	1d1) contener
H3557#9	1d2) sustentar, soportar
H3558#0	1) adornos, adorno de oro
H3558#1	1a) quizá brazaletes de oro, significado exacto desconocido
H3558#2	2) (TWOT) tabletas
H3559#0	1) estar firme, ser estable, ser establecido
H3559#1	1a) (Niphal)
H3559#2	1a1) ser erigido, ser establecido, ser fijado
H3559#3	1a1a) ser firmemente establecido
H3559#4	1a1b) ser establecido, ser estable, estar seguro, ser duradero
H3559#5	1a1c) ser fijado, ser determinado con firmeza
H3559#6	1a2) ser bien dirigido, ser bien afirmado, ser constante (sentido moral)
H3559#7	1a3) preparar, estar listo
H3559#8	1a4) ser preparado, ser dispuesto, ser asentado
H3559#9	1b) (Hiphil)
H3559#10	1b1) establecer, erigir, llevar a cabo, hacer, afirmar
H3559#11	1b2) fijar, alistar, preparar, proveer, proveer para, suministrar
H3559#12	1b3) dirigir hacia (sentido moral)
H3559#13	1b4) disponer, ordenar
H3559#14	1c) (Hophal)
H3559#15	1c1) ser establecido, ser sujetado
H3559#16	1c2) ser preparado, estar listo
H3559#17	1d) (Polel)
H3559#18	1d1) erigir, establecer
H3559#19	1d2) constituir, hacer
H3559#20	1d3) fijar
H3559#21	1d4) dirigir
H3559#22	1e) (Pulal) ser establecido, ser preparado
H3559#23	1f) (Hithpolel) ser establecido, ser restaurado
H3560#0	Chun = «establecido»
H3560#1	1) una ciudad perteneciente a Hadarezer, saqueada por las fuerzas de David
H3561#0	1) torta, torta sacrificial
H3562#0	Cononiah o Conaniah = «Jehová ha establecido»
H3562#1	1) un gobernante levita en tiempos de Ezequías
H3562#2	2) un jefe levita en tiempos de Josías
H3563#0	sustantivo femenino
H3563#1	1) copa
H3563#2	sustantivo masculino
H3563#3	2) una especie de búho (ave inmunda)
H3564#0	sustantivo masculino
H3564#1	1) horno, fragua, horno o crisol de fundición
H3564#2	verbo
H3564#3	2) (Qal) taladrar, perforar, cavar, labrar
H3565#0	Chor-ashan = «horno de humo»
H3565#1	1) una ciudad de Judá
H3566#0	Ciro = «posee tú el horno»
H3566#1	1) el rey de Persia y conquistador de Babilonia; primer gobernante de Persia que dio un decreto permitiendo a los exiliados israelitas volver a Jerusalén
H3567#0	Ciro = «posee tú el horno»
H3567#1	1) el rey de Persia y conquistador de Babilonia; primer gobernante de Persia que dio un decreto permitiendo a los exiliados israelitas volver a Jerusalén
H3568#0	Cus = «negro»
H3568#1	nombre propio masculino
H3568#2	1) un benjamita mencionado solo en el título de Ps 7:1
H3568#3	2) el hijo de Cam y nieto de Noé, progenitor de los pueblos más meridionales situados en África
H3568#4	3) los pueblos descendientes de Cus
H3568#5	nombre propio de lugar
H3568#6	4) la tierra ocupada por los descendientes de Cus, situada en torno a las partes meridionales del Nilo (Etiopía)
H3569#0	Cushi o etíope = véase Cushan «su negrura»
H3569#1	1) uno de los descendientes de Cus, nieto de Noé por medio de Cam, y miembro de esa nación o pueblo
H3569#2	2) uno de los correos de Joab
H3569#3	3) (TWOT) etíope
H3570#0	Cushi = «su negrura»
H3570#1	1) un antepasado de Jehudi (Jer. 36.14)
H3570#2	2) el padre del profeta Sofonías (Zep. 1.1)
H3571#0	1) una mujer cusita, esposa de Moisés, así llamada por María y Aarón
H3572#0	Cushan = «su negrura»
H3572#1	1) un lugar en Arabia o Mesopotamia; ubicación desconocida
H3573#0	Chushan-rishathaim = «Cushan doblemente malvado»
H3573#1	1) un rey de Mesopotamia derrotado por el juez Otoniel, yerno de Caleb
H3574#0	1) prosperidad
H3574#1	2) (TWOT) canto
H3575#0	Cuth = «quebrantamiento»
H3575#1	1) un lugar desde el cual el rey Sargón de Asiria llevó colonos a Israel; probablemente un sitio a unas 20 millas (32 km) al noreste de Babilonia
H3576#0	1) mentir, decir mentira, ser mentiroso, ser hallado mentiroso, ser en vano, fallar
H3576#1	1a) (Qal) mentiroso (participio)
H3576#2	1b) (Niphal) ser probado mentiroso
H3576#3	1c) (Piel)
H3576#4	1c1) mentir, decir mentira, mentir a, engañar
H3576#5	1c2) decepcionar, fallar
H3576#6	1d) (Hiphil) hacer mentiroso, probar que es mentiroso
H3577#0	1) una mentira, falsedad, engaño, cosa engañosa
H3578#0	Chozeba = «falsedad»
H3578#1	1) una ciudad de Judá
H3579#0	Cozbi = «mi mentira»
H3579#1	1) una hija de Zur, jefe de los madianitas, que fue muerta por Finees a causa de su adulterio
H3580#0	Chezib = «falso»
H3580#1	1) una ciudad de Judá
H3581#0	1) fuerza, poder, potencia
H3581#1	1a) fuerza humana
H3581#2	1b) fuerza (de los ángeles)
H3581#3	1c) poder (de Dios)
H3581#4	1d) fuerza (de los animales)
H3581#5	1e) fuerza, producto, riqueza (del suelo)
H3581#6	2) un reptil pequeño, probablemente una especie de lagarto, que es inmundo
H3581#7	2a) quizá un animal extinto, el significado exacto es desconocido
H3582#0	1) esconder, ocultar, cortar, talar, desolar, cocear
H3582#1	1a) (Niphal)
H3582#2	1a1) ser escondido
H3582#3	1a2) ser borrado, ser destruido, ser cortado
H3582#4	1b) (Piel) cubrir, esconder
H3582#5	1c) (Hiphil)
H3582#6	1c1) esconder
H3582#7	1c2) borrar, aniquilar
H3583#0	1) (Qal) pintar (los ojos), adornar con pintura
H3584#0	1) engañar, mentir, fallar, enflaquecer, decepcionar, ser falso, ser insuficiente, ser hallados mentirosos, desmentir, negar, disimular, obrar con falsedad
H3584#1	1a) (Qal) enflaquecer
H3584#2	1b) (Niphal) rebajarse, fingir obediencia
H3584#3	1c) (Piel)
H3584#4	1c1) engañar, negar falsamente
H3584#5	1c2) actuar con engaño
H3584#6	1c3) rebajarse
H3584#7	1c4) decepcionar, fallar
H3584#8	1d) (Hithpael) rebajarse, fingir obediencia
H3585#0	1) mentira, engaño
H3585#1	2) flaqueza, fracaso
H3586#0	1) engañoso, falso, engañador, mentiroso
H3587#0	1) quemadura, marca a fuego
H3588#0	1) que, porque, pues, cuando, como si, como, por cuanto, pero, entonces, ciertamente, excepto, seguramente, ya que
H3588#1	1a) que
H3588#2	1a1) sí, en verdad
H3588#3	1b) cuando (de tiempo)
H3588#4	1b1) cuando, si, aunque (con fuerza concesiva)
H3588#5	1c) porque, ya que (conexión causal)
H3588#6	1d) sino (después de negación)
H3588#7	1e) que si, pues si, en verdad si, pues aunque, pero si
H3588#8	1f) sino más bien, sino
H3588#9	1g) excepto que
H3588#10	1h) solo, sin embargo
H3588#11	1i) ciertamente
H3588#12	1j) es decir
H3588#13	1k) pero si
H3588#14	1l) pues aunque
H3588#15	1m) por cuanto, pues por tanto
H3589#0	1) ruina, destrucción
H3590#0	1) chispa
H3591#0	1) jabalina, espada corta, dardo
H3591#1	2) gorguera, pieza de armadura para la garganta (1Sa 17.6)
H3592#0	Chidon = «jabalina»
H3592#1	1) el dueño o lugar de la muerte de Uza por tocar el arca
H3593#0	1) ataque, embestida, acometida
H3594#0	Chiun = «una imagen» o «columna»
H3594#1	1) probablemente una estatua del dios asirio-babilonio del planeta Saturno, usada para simbolizar la apostasía israelita
H3595#0	1) olla, pila, fuente, sartén
H3595#1	1a) olla, caldero
H3595#2	1b) brasero, braserillo
H3595#3	1c) pila, fuente
H3595#4	1d) plataforma, estrado
H3596#0	1) canalla, bribón
H3597#0	1) hachas grandes, hacha
H3598#0	1) las Pléyades, una constelación de siete estrellas
H3599#0	1) bolsa, bolsa de dinero
H3599#1	1a) para pesas, dinero
H3600#0	1) estufa, fogón, horno de cocina
H3601#0	1) tortera del huso, rueca
H3602#0	1) así, de este modo
H3603#0	1) redondo
H3603#1	1a) una región redonda (alrededores del valle del Jordán)
H3603#2	1b) una torta redonda (de pan)
H3603#3	1c) un peso redondo, talento (de oro, plata, bronce, hierro)
H3604#0	1) talento
H3605#0	1) todo, la totalidad
H3605#1	1a) todo, la totalidad de
H3605#2	1b) cualquiera, cada, todo, cualquier cosa
H3605#3	1c) totalidad, todo
H3606#0	1) todo, entero, la totalidad
H3606#1	1a) la totalidad de, todo
H3606#2	1b) cada, cualquiera, ninguno
H3607#0	1) restringir, refrenar, retener, encerrar, detener, abstenerse, prohibir
H3607#1	1a) (Qal)
H3607#2	1a1) encerrar
H3607#3	1a2) refrenar
H3607#4	1a3) retener
H3607#5	1b) (Niphal) ser refrenado
H3607#6	1c) (Piel) terminar
H3608#0	1) encarcelamiento, confinamiento, restricción
H3609#0	Chileab = «como su padre»
H3609#1	1) el 2.º hijo de David, de Abigail
H3610#0	1) dos clases, mezcla
H3610#1	1a) práctica prohibida en el ganado (cruce de especies), las semillas (siembra) y las prendas de tela (material)
H3611#0	1) perro
H3611#1	1a) perro (literal)
H3611#2	1b) desprecio o humillación (fig.)
H3611#3	1c) del sacrificio pagano
H3611#4	1d) del prostituto de culto masculino (fig.)
